item_id,order_id,product_id,quantity,unit_price,discount_percent
ITM-100001,ORD-100001,PRD-0212,3,827.89,0
ITM-100002,ORD-100001,PRD-0211,7,20750.44,15
ITM-100003,ORD-100001,PRD-0305,6,1304.23,15
ITM-100004,ORD-100002,PRD-0425,10,5806.43,10
ITM-100005,ORD-100002,PRD-0598,8,4888.87,5
ITM-100006,ORD-100003,PRD-0386,1,12482.52,15
ITM-100007,ORD-100003,PRD-0260,3,19464.32,15
ITM-100008,ORD-100004,PRD-0319,10,6650.72,10
ITM-100009,ORD-100004,PRD-0133,7,6606.26,20
ITM-100010,ORD-100004,PRD-0164,7,74158.19,10
ITM-100011,ORD-100004,PRD-0585,1,9274.26,5
ITM-100012,ORD-100005,PRD-0124,5,470.83,15
ITM-100013,ORD-100005,PRD-0359,2,14318.97,5
ITM-100014,ORD-100006,PRD-0171,7,47805.29,10
ITM-100015,ORD-100006,PRD-0184,8,9676.58,10
ITM-100016,ORD-100007,PRD-0320,3,48495.23,10
ITM-100017,ORD-100007,PRD-0156,7,58392.98,0
ITM-100018,ORD-100007,PRD-0451,3,949.91,10
ITM-100019,ORD-100008,PRD-0458,8,264.79,15
ITM-100020,ORD-100008,PRD-0587,3,3361.92,20
ITM-100025,ORD-100010,PRD-0255,3,4282.11,15
ITM-100026,ORD-100010,PRD-0612,2,15975.1,10
ITM-100027,ORD-100011,PRD-0517,9,14918.7,10
ITM-100028,ORD-100011,PRD-0104,3,40675.75,15
ITM-100029,ORD-100011,PRD-0561,2,1961.36,20
ITM-100030,ORD-100011,PRD-0138,4,39344.15,5
ITM-100031,ORD-100012,PRD-0271,7,247.75,20
ITM-100032,ORD-100012,PRD-0322,4,61167.17,10
ITM-100033,ORD-100012,PRD-0296,-3,692.42,20
ITM-100034,ORD-100013,PRD-0473,5,9095.62,0
ITM-100035,ORD-100013,PRD-0415,2,1754.1,20
ITM-100036,ORD-100013,PRD-0612,7,15975.1,15
ITM-100037,ORD-100014,PRD-0461,9,12947.2,10
ITM-100038,ORD-100014,PRD-0537,6,12230.61,20
ITM-100039,ORD-100014,PRD-0217,8,2998.83,5
ITM-100040,ORD-100015,PRD-0483,9,311.21,5
ITM-100041,ORD-100015,PRD-0267,7,3546.53,20
ITM-100042,ORD-100015,PRD-0491,7,591.21,10
ITM-100043,ORD-100016,PRD-0391,2,470.24,20
ITM-100044,ORD-100016,PRD-0190,2,8342.45,0
ITM-100045,ORD-100016,PRD-0117,7,10572.03,20
ITM-100046,ORD-100016,PRD-0207,10,563.61,15
ITM-100047,ORD-100017,PRD-0203,9,527.27,15
ITM-100048,ORD-100017,PRD-0134,7,1435.34,10
ITM-100049,ORD-100017,PRD-0317,8,6671.43,5
ITM-100050,ORD-100017,PRD-0491,4,591.21,0
ITM-100051,ORD-100018,PRD-0228,8,2573.01,10
ITM-100052,ORD-100018,PRD-0523,1,4713.08,15
ITM-100053,ORD-100018,PRD-0484,9,64971.86,5
ITM-100054,ORD-100019,PRD-0375,5,12822.03,10
ITM-100055,ORD-100019,PRD-0525,1,784.87,5
ITM-100056,ORD-100019,PRD-0525,-4,784.87,0
ITM-100057,ORD-100020,PRD-0258,9,52186.46,10
ITM-100058,ORD-100020,PRD-0426,3,1622.8,10
ITM-100059,ORD-100021,PRD-0541,9,25589.87,5
ITM-100060,ORD-100021,PRD-0501,10,47981.09,5
ITM-100061,ORD-100021,PRD-0503,10,409.72,0
ITM-100062,ORD-100021,PRD-0540,7,23828.68,5
ITM-100063,ORD-100022,PRD-0278,6,3299.98,15
ITM-100064,ORD-100022,PRD-0263,4,11700.21,15
ITM-100065,ORD-100022,PRD-0202,9,4119.62,5
ITM-100066,ORD-100022,PRD-0222,7,2471.29,20
ITM-100067,ORD-100023,PRD-0367,3,1040.33,20
ITM-100068,ORD-100023,PRD-0431,2,10349.29,5
ITM-100069,ORD-100023,PRD-0196,7,70788.71,0
ITM-100070,ORD-100023,PRD-0112,3,872.86,20
ITM-100071,ORD-100024,PRD-0181,7,1567.94,20
ITM-100072,ORD-100024,PRD-0126,8,659.16,5
ITM-100073,ORD-100025,PRD-0467,4,47315.27,5
ITM-100074,ORD-100025,PRD-0328,4,1027.62,10
ITM-100075,ORD-100025,PRD-0352,-2,640.51,15
ITM-100076,ORD-100025,PRD-0153,2,232.06,10
ITM-100077,ORD-100026,PRD-0124,2,470.83,20
ITM-100078,ORD-100026,PRD-0214,10,10001.3,15
ITM-100079,ORD-100027,PRD-0210,5,9152.2,5
ITM-100080,ORD-100027,PRD-0369,2,300.36,5
ITM-100081,ORD-100028,PRD-0607,4,3000.05,10
ITM-100082,ORD-100028,PRD-0501,8,47981.09,0
ITM-100083,ORD-100029,PRD-0524,8,1186.64,0
ITM-100084,ORD-100029,PRD-0179,7,17445.77,5
ITM-100085,ORD-100030,PRD-0422,3,786.38,15
ITM-100086,ORD-100030,PRD-0285,1,32649.89,10
ITM-100087,ORD-100030,PRD-0283,10,3300.33,20
ITM-100088,ORD-100031,PRD-0221,6,6716.07,10
ITM-100089,ORD-100031,PRD-0596,10,4335.13,20
ITM-100090,ORD-100032,PRD-0106,9,728.89,5
ITM-100091,ORD-100032,PRD-0361,-4,79795.36,0
ITM-100092,ORD-100032,PRD-0131,1,451.98,20
ITM-100093,ORD-100032,PRD-0257,6,1148.63,5
ITM-100094,ORD-100033,PRD-0323,6,2691.03,0
ITM-100095,ORD-100033,PRD-0242,2,6324.25,5
ITM-100096,ORD-100034,PRD-0230,5,17897.87,10
ITM-100097,ORD-100034,PRD-0594,2,33541.93,5
ITM-100098,ORD-100034,PRD-0457,5,3867.97,20
ITM-100099,ORD-100034,PRD-0579,7,11551.56,15
ITM-100100,ORD-100035,PRD-0510,5,450.46,5
ITM-100101,ORD-100035,PRD-0278,5,3299.98,5
ITM-100102,ORD-100035,PRD-0503,10,409.72,0
ITM-100103,ORD-100035,PRD-0420,4,36914.38,5
ITM-100104,ORD-100036,PRD-0600,8,664.7,15
ITM-100105,ORD-100036,PRD-0534,5,455.11,20
ITM-100106,ORD-100036,PRD-0427,2,34690.56,20
ITM-100107,ORD-100036,PRD-0493,4,933.06,15
ITM-100108,ORD-100037,PRD-0462,2,37050.46,10
ITM-100109,ORD-100037,PRD-0561,1,1961.36,5
ITM-100110,ORD-100037,PRD-0360,7,150.26,20
ITM-100111,ORD-100037,PRD-0401,9,3343.63,20
ITM-100112,ORD-100038,PRD-0508,2,838.44,0
ITM-100113,ORD-100038,PRD-0285,7,32649.89,10
ITM-100114,ORD-100038,PRD-0291,4,1114.42,10
ITM-100115,ORD-100039,PRD-0321,6,76971.93,10
ITM-100116,ORD-100039,PRD-0249,2,12631.51,10
ITM-100117,ORD-100040,PRD-0427,6,34690.56,0
ITM-100118,ORD-100040,PRD-0319,10,6650.72,15
ITM-100122,ORD-100042,PRD-0385,2,3131.8,20
ITM-100123,ORD-100042,PRD-0532,-4,5880.51,15
ITM-100124,ORD-100043,PRD-0303,1,934.58,5
ITM-100125,ORD-100043,PRD-0606,1,740.12,15
ITM-100126,ORD-100043,PRD-0382,2,4536.34,15
ITM-100129,ORD-100045,PRD-0122,1,192.66,10
ITM-100130,ORD-100045,PRD-0105,5,57423.56,15
ITM-100131,ORD-100046,PRD-0513,9,2356.73,0
ITM-100132,ORD-100046,PRD-0141,1,78249.77,10
ITM-100133,ORD-100047,PRD-0582,7,1748.77,0
ITM-100134,ORD-100047,PRD-0409,6,1184.99,10
ITM-100135,ORD-100048,PRD-0510,9,450.46,0
ITM-100136,ORD-100048,PRD-0421,10,67860.23,15
ITM-100137,ORD-100048,PRD-0149,5,5858.33,15
ITM-100138,ORD-100049,PRD-0566,2,271.69,15
ITM-100139,ORD-100049,PRD-0483,2,311.21,20
ITM-100140,ORD-100049,PRD-0130,1,934.24,5
ITM-100141,ORD-100049,PRD-0111,2,274.76,5
ITM-100142,ORD-100050,PRD-0547,3,1463.21,5
ITM-100143,ORD-100050,PRD-0191,6,113.54,5
ITM-100144,ORD-100050,PRD-0106,5,728.89,0
ITM-100145,ORD-100051,PRD-0214,5,10001.3,0
ITM-100146,ORD-100051,PRD-0177,6,13945.92,10
ITM-100147,ORD-100052,PRD-0489,3,26710.42,10
ITM-100149,ORD-100052,PRD-0223,6,1562.17,5
ITM-100150,ORD-100052,PRD-0252,7,11288.11,20
ITM-100151,ORD-100053,PRD-0558,9,1938.32,0
ITM-100152,ORD-100053,PRD-0347,8,725.17,20
ITM-100153,ORD-100053,PRD-0602,6,4682.01,10
ITM-100154,ORD-100053,PRD-0595,2,576.27,5
ITM-100155,ORD-100054,PRD-0404,6,1297.63,0
ITM-100156,ORD-100054,PRD-0349,2,1405.99,5
ITM-100157,ORD-100054,PRD-0177,1,13945.92,15
ITM-100158,ORD-100055,PRD-0114,8,78825.11,5
ITM-100159,ORD-100055,PRD-0495,8,9743.47,5
ITM-100160,ORD-100056,PRD-0449,10,13014.09,5
ITM-100161,ORD-100056,PRD-0421,8,67860.23,10
ITM-100162,ORD-100057,PRD-0258,2,52186.46,20
ITM-100163,ORD-100057,PRD-0234,6,1141.12,5
ITM-100164,ORD-100057,PRD-0495,10,9743.47,15
ITM-100165,ORD-100057,PRD-0308,4,1470.3,15
ITM-100166,ORD-100058,PRD-0385,3,3131.8,15
ITM-100167,ORD-100058,PRD-0415,2,1754.1,20
ITM-100170,ORD-100060,PRD-0374,8,739.57,0
ITM-100171,ORD-100060,PRD-0564,5,56471.01,10
ITM-100172,ORD-100061,PRD-0187,7,3879.15,10
ITM-100173,ORD-100061,PRD-0318,7,1079.63,5
ITM-100174,ORD-100062,PRD-0542,6,14838.47,20
ITM-100175,ORD-100062,PRD-0155,5,1042.71,15
ITM-100176,ORD-100062,PRD-0479,1,36427.15,0
ITM-100177,ORD-100062,PRD-0492,4,1689.11,15
ITM-100178,ORD-100063,PRD-0294,3,418.48,15
ITM-100179,ORD-100063,PRD-0383,10,3152.48,20
ITM-100180,ORD-100063,PRD-0606,7,740.12,20
ITM-100181,ORD-100064,PRD-0152,2,1198.47,5
ITM-100182,ORD-100064,PRD-0325,1,1456.68,0
ITM-100183,ORD-100065,PRD-0373,2,9638.24,5
ITM-100184,ORD-100065,PRD-0204,4,313.59,10
ITM-100185,ORD-100066,PRD-0515,7,4446.22,15
ITM-100186,ORD-100066,PRD-0204,5,313.59,5
ITM-100187,ORD-100066,PRD-0608,3,39844.09,5
ITM-100188,ORD-100066,PRD-0309,5,14318.18,10
ITM-100189,ORD-100067,PRD-0395,2,9767.64,0
ITM-100190,ORD-100067,PRD-0290,10,2994.38,20
ITM-100191,ORD-100067,PRD-0589,4,75909.47,10
ITM-100192,ORD-100067,PRD-0275,2,19887.14,10
ITM-100194,ORD-100068,PRD-0246,8,1146.52,0
ITM-100195,ORD-100069,PRD-0443,3,5362.7,0
ITM-100196,ORD-100069,PRD-0371,3,54370.07,0
ITM-100197,ORD-100069,PRD-0110,6,12135.85,20
ITM-100198,ORD-100070,PRD-0102,4,3448.16,15
ITM-100199,ORD-100070,PRD-0584,1,3065.08,0
ITM-100200,ORD-100070,PRD-0118,5,42964.12,20
ITM-100201,ORD-100071,PRD-0616,3,11361.23,5
ITM-100202,ORD-100071,PRD-0197,5,1149.27,0
ITM-100203,ORD-100072,PRD-0444,8,2918.34,15
ITM-100204,ORD-100072,PRD-0460,5,2881.87,20
ITM-100205,ORD-100072,PRD-0599,6,474.46,10
ITM-100207,ORD-100073,PRD-0442,10,2801.78,20
ITM-100208,ORD-100073,PRD-0596,5,4335.13,0
ITM-100209,ORD-100073,PRD-0122,7,192.66,5
ITM-100210,ORD-100074,PRD-0246,8,1146.52,10
ITM-100211,ORD-100074,PRD-0132,10,60194.79,5
ITM-100212,ORD-100075,PRD-0542,4,14838.47,10
ITM-100213,ORD-100075,PRD-0192,7,3364.24,5
ITM-100214,ORD-100075,PRD-0211,9,20750.44,10
ITM-100215,ORD-100075,PRD-0561,3,1961.36,20
ITM-100216,ORD-100076,PRD-0458,-1,264.79,10
ITM-100217,ORD-100076,PRD-0528,5,850.48,10
ITM-100218,ORD-100076,PRD-0296,10,692.42,0
ITM-100219,ORD-100077,PRD-0452,2,401.8,20
ITM-100220,ORD-100077,PRD-0544,10,1913.48,15
ITM-100221,ORD-100077,PRD-0456,2,24462.84,10
ITM-100222,ORD-100077,PRD-0109,3,5791.92,15
ITM-100223,ORD-100078,PRD-0254,5,396.32,20
ITM-100224,ORD-100078,PRD-0267,8,3546.53,10
ITM-100225,ORD-100078,PRD-0396,5,1008.94,0
ITM-100226,ORD-100079,PRD-0565,4,1570.77,0
ITM-100227,ORD-100079,PRD-0390,2,612.09,20
ITM-100228,ORD-100080,PRD-0601,1,3836.81,10
ITM-100229,ORD-100080,PRD-0541,-4,25589.87,10
ITM-100230,ORD-100081,PRD-0358,6,9800.07,5
ITM-100231,ORD-100081,PRD-0391,9,470.24,20
ITM-100232,ORD-100082,PRD-0189,3,61803.98,10
ITM-100233,ORD-100082,PRD-0302,10,1909.01,15
ITM-100234,ORD-100083,PRD-0398,1,1593.3,5
ITM-100235,ORD-100083,PRD-0585,4,9274.26,10
ITM-100236,ORD-100084,PRD-0496,7,606.56,15
ITM-100237,ORD-100084,PRD-0201,5,68758.16,10
ITM-100238,ORD-100084,PRD-0419,10,18113.21,5
ITM-100239,ORD-100084,PRD-0547,10,1463.21,10
ITM-100240,ORD-100085,PRD-0305,3,1304.23,10
ITM-100241,ORD-100085,PRD-0527,4,255.2,20
ITM-100245,ORD-100087,PRD-0553,9,725.98,10
ITM-100246,ORD-100087,PRD-0467,6,47315.27,15
ITM-100247,ORD-100088,PRD-0578,7,7067.62,15
ITM-100248,ORD-100088,PRD-0573,9,605.26,0
ITM-100249,ORD-100088,PRD-0128,2,12650.88,15
ITM-100250,ORD-100089,PRD-0410,10,1236.57,5
ITM-100251,ORD-100089,PRD-0483,10,311.21,5
ITM-100252,ORD-100090,PRD-0401,7,3343.63,0
ITM-100253,ORD-100090,PRD-0229,1,3349.08,15
ITM-100254,ORD-100090,PRD-0574,8,9237.43,20
ITM-100255,ORD-100090,PRD-0156,1,58392.98,0
ITM-100256,ORD-100091,PRD-0210,10,9152.2,10
ITM-100257,ORD-100091,PRD-0200,10,4112.06,10
ITM-100258,ORD-100091,PRD-0594,1,33541.93,10
ITM-100259,ORD-100092,PRD-0155,9,1042.71,5
ITM-100260,ORD-100092,PRD-0248,8,140.63,20
ITM-100261,ORD-100093,PRD-0329,5,151.38,5
ITM-100262,ORD-100093,PRD-0419,8,18113.21,0
ITM-100263,ORD-100094,PRD-0306,2,896.08,0
ITM-100264,ORD-100094,PRD-0101,10,19968.9,5
ITM-100265,ORD-100094,PRD-0224,2,10141.02,20
ITM-100266,ORD-100094,PRD-0354,2,4833.7,5
ITM-100267,ORD-100095,PRD-0126,8,659.16,20
ITM-100268,ORD-100095,PRD-0501,2,47981.09,0
ITM-100269,ORD-100095,PRD-0408,8,19863.73,15
ITM-100270,ORD-100096,PRD-0341,5,6320.03,20
ITM-100271,ORD-100096,PRD-0550,2,1610.08,20
ITM-100272,ORD-100097,PRD-0250,3,2763.79,0
ITM-100273,ORD-100097,PRD-0246,3,1146.52,5
ITM-100274,ORD-100097,PRD-0306,8,896.08,15
ITM-100275,ORD-100098,PRD-0397,10,75727.79,0
ITM-100276,ORD-100098,PRD-0605,5,226.07,10
ITM-100277,ORD-100098,PRD-0501,2,47981.09,15
ITM-100278,ORD-100099,PRD-0527,3,255.2,15
ITM-100279,ORD-100099,PRD-0129,8,3062.76,10
ITM-100280,ORD-100099,PRD-0224,7,10141.02,20
ITM-100281,ORD-100100,PRD-0411,10,3916.97,0
ITM-100282,ORD-100100,PRD-0556,6,885.34,0
ITM-100283,ORD-100101,PRD-0580,5,2613.75,15
ITM-100284,ORD-100101,PRD-0110,6,12135.85,5
ITM-100285,ORD-100102,PRD-0616,6,11361.23,5
ITM-100286,ORD-100102,PRD-0500,2,66892.03,20
ITM-100287,ORD-100102,PRD-0279,6,13222.75,5
ITM-100288,ORD-100102,PRD-0448,3,11686.01,15
ITM-100289,ORD-100103,PRD-0411,2,3916.97,15
ITM-100290,ORD-100103,PRD-0596,8,4335.13,15
ITM-100291,ORD-100103,PRD-0285,9,32649.89,20
ITM-100292,ORD-100104,PRD-0366,6,2177.85,5
ITM-100293,ORD-100104,PRD-0457,10,3867.97,20
ITM-100294,ORD-100104,PRD-0514,1,640.23,0
ITM-100295,ORD-100104,PRD-0131,4,451.98,5
ITM-100296,ORD-100105,PRD-0209,8,9009.08,15
ITM-100297,ORD-100105,PRD-0432,4,227.71,5
ITM-100298,ORD-100106,PRD-0279,7,13222.75,15
ITM-100299,ORD-100106,PRD-0166,10,365.86,0
ITM-100300,ORD-100107,PRD-0218,2,961.72,0
ITM-100301,ORD-100107,PRD-0553,10,725.98,10
ITM-100302,ORD-100107,PRD-0131,6,451.98,5
ITM-100303,ORD-100108,PRD-0561,3,1961.36,15
ITM-100304,ORD-100108,PRD-0305,5,1304.23,5
ITM-100305,ORD-100109,PRD-0549,4,1322.07,10
ITM-100306,ORD-100109,PRD-0307,7,75833.42,5
ITM-100307,ORD-100109,PRD-0297,10,37817.06,0
ITM-100308,ORD-100110,PRD-0199,1,318.97,5
ITM-100309,ORD-100110,PRD-0244,6,38419.89,0
ITM-100310,ORD-100111,PRD-0174,3,25651.4,10
ITM-100311,ORD-100111,PRD-0609,4,851.37,5
ITM-100312,ORD-100111,PRD-0586,6,47548.77,20
ITM-100313,ORD-100112,PRD-0242,8,6324.25,0
ITM-100314,ORD-100112,PRD-0538,2,4907.93,15
ITM-100315,ORD-100112,PRD-0181,9,1567.94,5
ITM-100316,ORD-100113,PRD-0204,8,313.59,0
ITM-100317,ORD-100113,PRD-0337,10,1691.6,0
ITM-100318,ORD-100113,PRD-0439,4,1880.55,0
ITM-100319,ORD-100114,PRD-0358,6,9800.07,15
ITM-100320,ORD-100114,PRD-0170,5,4811.74,5
ITM-100321,ORD-100114,PRD-0177,10,13945.92,20
ITM-100322,ORD-100115,PRD-0613,7,7638.19,10
ITM-100323,ORD-100115,PRD-0159,2,13136.12,20
ITM-100324,ORD-100116,PRD-0583,1,4747.92,10
ITM-100325,ORD-100116,PRD-0134,7,1435.34,10
ITM-100326,ORD-100116,PRD-0368,-3,1056.39,5
ITM-100327,ORD-100116,PRD-0161,4,13721.73,5
ITM-100328,ORD-100117,PRD-0438,4,3352.33,0
ITM-100329,ORD-100117,PRD-0606,10,740.12,0
ITM-100330,ORD-100117,PRD-0137,2,3860.05,10
ITM-100331,ORD-100117,PRD-0527,10,255.2,20
ITM-100332,ORD-100118,PRD-0591,5,23528.9,5
ITM-100333,ORD-100118,PRD-0143,1,2732.83,0
ITM-100334,ORD-100119,PRD-0620,6,4670.57,5
ITM-100335,ORD-100119,PRD-0542,5,14838.47,15
ITM-100336,ORD-100119,PRD-0334,1,1163.99,0
ITM-100337,ORD-100120,PRD-0301,10,64985.8,20
ITM-100338,ORD-100120,PRD-0489,9,26710.42,0
ITM-100339,ORD-100121,PRD-0154,7,693.01,15
ITM-100340,ORD-100121,PRD-0229,7,3349.08,15
ITM-100341,ORD-100121,PRD-0242,8,6324.25,0
ITM-100342,ORD-100122,PRD-0477,4,983.94,10
ITM-100343,ORD-100122,PRD-0452,1,401.8,15
ITM-100344,ORD-100123,PRD-0338,10,7910.13,0
ITM-100345,ORD-100123,PRD-0111,7,274.76,5
ITM-100346,ORD-100124,PRD-0147,4,1822.81,0
ITM-100347,ORD-100124,PRD-0159,1,13136.12,0
ITM-100348,ORD-100124,PRD-0230,3,17897.87,15
ITM-100349,ORD-100124,PRD-0390,6,612.09,0
ITM-100350,ORD-100125,PRD-0351,3,409.51,10
ITM-100351,ORD-100125,PRD-0508,2,838.44,15
ITM-100352,ORD-100125,PRD-0179,5,17445.77,0
ITM-100353,ORD-100126,PRD-0311,6,145.7,15
ITM-100354,ORD-100126,PRD-0326,5,671.69,15
ITM-100355,ORD-100126,PRD-0476,5,6680.48,20
ITM-100356,ORD-100126,PRD-0351,5,409.51,20
ITM-100360,ORD-100128,PRD-0241,4,2191.37,20
ITM-100361,ORD-100128,PRD-0413,4,9966.71,20
ITM-100362,ORD-100129,PRD-0482,1,26061.38,5
ITM-100363,ORD-100129,PRD-0341,8,6320.03,15
ITM-100364,ORD-100130,PRD-0122,1,192.66,15
ITM-100365,ORD-100130,PRD-0377,10,14672.48,10
ITM-100367,ORD-100131,PRD-0386,7,12482.52,20
ITM-100368,ORD-100131,PRD-0608,7,39844.09,0
ITM-100369,ORD-100132,PRD-0555,4,29383.23,0
ITM-100370,ORD-100132,PRD-0311,3,145.7,15
ITM-100371,ORD-100132,PRD-0542,1,14838.47,20
ITM-100376,ORD-100134,PRD-0545,1,10395.76,15
ITM-100377,ORD-100134,PRD-0212,7,827.89,20
ITM-100378,ORD-100134,PRD-0395,8,9767.64,20
ITM-100379,ORD-100134,PRD-0535,-5,27911.8,20
ITM-100380,ORD-100135,PRD-0367,7,1040.33,5
ITM-100381,ORD-100135,PRD-0579,3,11551.56,5
ITM-100382,ORD-100135,PRD-0116,5,327.72,10
ITM-100383,ORD-100135,PRD-0188,9,66433.17,5
ITM-100384,ORD-100136,PRD-0446,7,17603.06,20
ITM-100385,ORD-100136,PRD-0140,5,4745.36,20
ITM-100387,ORD-100137,PRD-0113,5,10612.89,0
ITM-100388,ORD-100137,PRD-0429,3,682.39,10
ITM-100389,ORD-100137,PRD-0555,1,29383.23,15
ITM-100390,ORD-100137,PRD-0551,8,53043.08,0
ITM-100391,ORD-100138,PRD-0468,9,59791.48,15
ITM-100392,ORD-100138,PRD-0324,1,354.08,15
ITM-100393,ORD-100139,PRD-0182,10,1084.96,10
ITM-100394,ORD-100139,PRD-0422,8,786.38,0
ITM-100395,ORD-100139,PRD-0285,5,32649.89,10
ITM-100396,ORD-100139,PRD-0366,3,2177.85,15
ITM-100397,ORD-100140,PRD-0279,10,13222.75,5
ITM-100398,ORD-100140,PRD-0151,2,8157.62,5
ITM-100399,ORD-100141,PRD-0140,9,4745.36,5
ITM-100400,ORD-100141,PRD-0551,6,53043.08,20
ITM-100401,ORD-100141,PRD-0143,4,2732.83,20
ITM-100402,ORD-100141,PRD-0163,5,330.49,10
ITM-100403,ORD-100142,PRD-0462,1,37050.46,20
ITM-100404,ORD-100142,PRD-0341,2,6320.03,10
ITM-100405,ORD-100143,PRD-0620,2,4670.57,15
ITM-100406,ORD-100143,PRD-0180,4,13230.83,5
ITM-100410,ORD-100145,PRD-0444,6,2918.34,15
ITM-100411,ORD-100145,PRD-0582,10,1748.77,10
ITM-100412,ORD-100145,PRD-0132,6,60194.79,5
ITM-100413,ORD-100146,PRD-0398,10,1593.3,5
ITM-100414,ORD-100146,PRD-0127,10,2645.73,0
ITM-100415,ORD-100147,PRD-0421,9,67860.23,20
ITM-100416,ORD-100147,PRD-0453,7,9315.74,5
ITM-100417,ORD-100148,PRD-0134,7,1435.34,5
ITM-100418,ORD-100148,PRD-0181,4,1567.94,0
ITM-100419,ORD-100148,PRD-0616,9,11361.23,20
ITM-100420,ORD-100148,PRD-0529,2,1598.11,20
ITM-100421,ORD-100149,PRD-0153,8,232.06,20
ITM-100422,ORD-100149,PRD-0552,5,2624.67,10
ITM-100423,ORD-100149,PRD-0300,5,6389.53,20
ITM-100424,ORD-100149,PRD-0350,4,2944.63,10
ITM-100425,ORD-100150,PRD-0337,6,1691.6,15
ITM-100426,ORD-100150,PRD-0219,8,4662.54,5
ITM-100427,ORD-100150,PRD-0520,2,11418.79,10
ITM-100428,ORD-100151,PRD-0618,-5,11394.39,0
ITM-100429,ORD-100151,PRD-0596,4,4335.13,20
ITM-100430,ORD-100151,PRD-0560,4,11481.8,15
ITM-100431,ORD-100152,PRD-0229,4,3349.08,20
ITM-100432,ORD-100152,PRD-0518,3,4882.47,20
ITM-100433,ORD-100152,PRD-0367,6,1040.33,10
ITM-100434,ORD-100152,PRD-0422,2,786.38,0
ITM-100435,ORD-100153,PRD-0532,3,5880.51,20
ITM-100436,ORD-100153,PRD-0607,3,3000.05,5
ITM-100437,ORD-100153,PRD-0565,3,1570.77,0
ITM-100438,ORD-100154,PRD-0529,9,1598.11,10
ITM-100439,ORD-100154,PRD-0582,3,1748.77,0
ITM-100440,ORD-100155,PRD-0542,3,14838.47,0
ITM-100441,ORD-100155,PRD-0175,9,3694.49,5
ITM-100442,ORD-100156,PRD-0498,6,3514.16,15
ITM-100443,ORD-100156,PRD-0231,9,880.37,15
ITM-100444,ORD-100156,PRD-0348,2,565.42,10
ITM-100445,ORD-100156,PRD-0445,10,298.62,10
ITM-100446,ORD-100157,PRD-0211,2,20750.44,0
ITM-100447,ORD-100157,PRD-0464,7,261.24,15
ITM-100448,ORD-100157,PRD-0561,5,1961.36,15
ITM-100449,ORD-100157,PRD-0589,3,75909.47,5
ITM-100450,ORD-100158,PRD-0186,1,1177.27,5
ITM-100451,ORD-100158,PRD-0479,7,36427.15,15
ITM-100452,ORD-100158,PRD-0429,3,682.39,15
ITM-100453,ORD-100158,PRD-0387,4,11236.41,0
ITM-100454,ORD-100159,PRD-0606,1,740.12,10
ITM-100455,ORD-100159,PRD-0537,6,12230.61,10
ITM-100456,ORD-100159,PRD-0494,3,30446.0,10
ITM-100457,ORD-100160,PRD-0143,7,2732.83,5
ITM-100458,ORD-100160,PRD-0385,10,3131.8,20
ITM-100459,ORD-100161,PRD-0202,5,4119.62,10
ITM-100460,ORD-100161,PRD-0270,5,337.88,0
ITM-100461,ORD-100161,PRD-0381,8,1403.01,15
ITM-100462,ORD-100162,PRD-0274,5,12486.36,10
ITM-100463,ORD-100162,PRD-0209,-4,9009.08,5
ITM-100464,ORD-100163,PRD-0199,9,318.97,5
ITM-100465,ORD-100163,PRD-0273,10,7053.38,0
ITM-100466,ORD-100164,PRD-0300,8,6389.53,0
ITM-100467,ORD-100164,PRD-0127,4,2645.73,10
ITM-100468,ORD-100165,PRD-0537,9,12230.61,15
ITM-100469,ORD-100165,PRD-0230,5,17897.87,15
ITM-100470,ORD-100165,PRD-0213,8,2270.23,0
ITM-100471,ORD-100166,PRD-0606,2,740.12,10
ITM-100472,ORD-100166,PRD-0241,2,2191.37,10
ITM-100473,ORD-100166,PRD-0463,4,46085.27,0
ITM-100474,ORD-100167,PRD-0177,3,13945.92,10
ITM-100475,ORD-100167,PRD-0620,5,4670.57,10
ITM-100476,ORD-100167,PRD-0565,2,1570.77,20
ITM-100477,ORD-100167,PRD-0423,-2,1358.97,0
ITM-100478,ORD-100168,PRD-0426,9,1622.8,5
ITM-100479,ORD-100168,PRD-0137,4,3860.05,0
ITM-100480,ORD-100169,PRD-0486,4,833.7,5
ITM-100481,ORD-100169,PRD-0372,3,2320.3,15
ITM-100482,ORD-100170,PRD-0292,5,4549.26,15
ITM-100483,ORD-100170,PRD-0235,2,462.87,5
ITM-100484,ORD-100170,PRD-0320,7,48495.23,0
ITM-100485,ORD-100171,PRD-0603,10,7549.24,20
ITM-100486,ORD-100171,PRD-0314,1,750.93,5
ITM-100487,ORD-100172,PRD-0370,-1,743.4,20
ITM-100488,ORD-100172,PRD-0341,8,6320.03,10
ITM-100489,ORD-100172,PRD-0285,4,32649.89,10
ITM-100490,ORD-100173,PRD-0597,7,2091.88,15
ITM-100491,ORD-100173,PRD-0466,8,223.38,20
ITM-100492,ORD-100173,PRD-0403,4,3376.45,0
ITM-100493,ORD-100174,PRD-0395,-5,9767.64,15
ITM-100494,ORD-100174,PRD-0434,7,8859.01,5
ITM-100495,ORD-100175,PRD-0281,6,1358.51,15
ITM-100496,ORD-100175,PRD-0217,7,2998.83,10
ITM-100497,ORD-100176,PRD-0232,8,64212.62,15
ITM-100498,ORD-100176,PRD-0522,1,17644.55,5
ITM-100499,ORD-100176,PRD-0398,9,1593.3,10
ITM-100500,ORD-100176,PRD-0321,-2,76971.93,15
ITM-100501,ORD-100177,PRD-0431,6,10349.29,10
ITM-100502,ORD-100177,PRD-0522,-4,17644.55,15
ITM-100503,ORD-100177,PRD-0536,5,11106.06,15
ITM-100504,ORD-100177,PRD-0156,8,58392.98,10
ITM-100505,ORD-100178,PRD-0325,1,1456.68,10
ITM-100506,ORD-100178,PRD-0416,7,451.52,15
ITM-100507,ORD-100178,PRD-0327,3,5047.58,20
ITM-100508,ORD-100178,PRD-0312,10,1207.02,0
ITM-100509,ORD-100179,PRD-0438,10,3352.33,5
ITM-100510,ORD-100179,PRD-0121,7,64501.14,0
ITM-100511,ORD-100179,PRD-0193,6,6532.33,10
ITM-100512,ORD-100179,PRD-0165,9,692.21,0
ITM-100513,ORD-100180,PRD-0471,4,1885.28,20
ITM-100514,ORD-100180,PRD-0261,7,889.56,20
ITM-100515,ORD-100181,PRD-0335,3,2836.25,10
ITM-100517,ORD-100181,PRD-0321,4,76971.93,20
ITM-100518,ORD-100181,PRD-0114,1,78825.11,0
ITM-100519,ORD-100182,PRD-0205,7,1775.66,20
ITM-100520,ORD-100182,PRD-0597,3,2091.88,0
ITM-100521,ORD-100182,PRD-0390,1,612.09,10
ITM-100522,ORD-100182,PRD-0336,1,1953.18,5
ITM-100523,ORD-100183,PRD-0227,7,70947.88,15
ITM-100524,ORD-100183,PRD-0235,2,462.87,10
ITM-100525,ORD-100183,PRD-0179,9,17445.77,0
ITM-100526,ORD-100184,PRD-0526,1,3266.97,0
ITM-100527,ORD-100184,PRD-0256,10,1268.88,0
ITM-100528,ORD-100184,PRD-0501,10,47981.09,5
ITM-100529,ORD-100184,PRD-0420,7,36914.38,10
ITM-100530,ORD-100185,PRD-0124,5,470.83,10
ITM-100531,ORD-100185,PRD-0570,2,10720.37,5
ITM-100532,ORD-100185,PRD-0371,8,54370.07,20
ITM-100533,ORD-100185,PRD-0486,7,833.7,10
ITM-100534,ORD-100186,PRD-0328,9,1027.62,15
ITM-100535,ORD-100186,PRD-0386,5,12482.52,15
ITM-100536,ORD-100187,PRD-0619,7,2361.77,5
ITM-100537,ORD-100187,PRD-0118,7,42964.12,15
ITM-100538,ORD-100187,PRD-0482,2,26061.38,20
ITM-100539,ORD-100187,PRD-0564,10,56471.01,5
ITM-100540,ORD-100188,PRD-0507,8,1177.21,5
ITM-100541,ORD-100188,PRD-0479,10,36427.15,0
ITM-100542,ORD-100189,PRD-0419,3,18113.21,10
ITM-100543,ORD-100189,PRD-0186,9,1177.27,0
ITM-100544,ORD-100190,PRD-0313,10,3981.57,15
ITM-100545,ORD-100190,PRD-0356,3,1111.42,0
ITM-100546,ORD-100191,PRD-0585,10,9274.26,20
ITM-100547,ORD-100191,PRD-0339,8,51992.92,0
ITM-100548,ORD-100191,PRD-0359,5,14318.97,15
ITM-100549,ORD-100192,PRD-0446,1,17603.06,5
ITM-100550,ORD-100192,PRD-0430,10,25345.62,20
ITM-100551,ORD-100192,PRD-0517,5,14918.7,0
ITM-100552,ORD-100192,PRD-0315,8,4560.37,20
ITM-100553,ORD-100193,PRD-0612,4,15975.1,10
ITM-100554,ORD-100193,PRD-0430,8,25345.62,15
ITM-100555,ORD-100193,PRD-0184,7,9676.58,0
ITM-100556,ORD-100193,PRD-0180,3,13230.83,15
ITM-100557,ORD-100194,PRD-0266,2,3042.07,20
ITM-100558,ORD-100194,PRD-0271,8,247.75,5
ITM-100559,ORD-100195,PRD-0140,8,4745.36,15
ITM-100560,ORD-100195,PRD-0275,-4,19887.14,20
ITM-100561,ORD-100196,PRD-0529,1,1598.11,15
ITM-100562,ORD-100196,PRD-0404,7,1297.63,0
ITM-100563,ORD-100197,PRD-0378,6,111.34,20
ITM-100564,ORD-100197,PRD-0481,3,31066.36,20
ITM-100565,ORD-100197,PRD-0245,9,12823.7,10
ITM-100566,ORD-100198,PRD-0310,6,32977.15,20
ITM-100567,ORD-100198,PRD-0358,8,9800.07,15
ITM-100568,ORD-100198,PRD-0316,3,486.26,10
ITM-100569,ORD-100198,PRD-0269,8,34556.05,20
ITM-100570,ORD-100199,PRD-0426,3,1622.8,15
ITM-100571,ORD-100199,PRD-0254,2,396.32,15
ITM-100572,ORD-100200,PRD-0420,4,36914.38,5
ITM-100573,ORD-100200,PRD-0197,8,1149.27,20
ITM-100574,ORD-100201,PRD-0197,10,1149.27,0
ITM-100575,ORD-100201,PRD-0580,3,2613.75,20
ITM-100576,ORD-100201,PRD-0169,9,1387.14,10
ITM-100577,ORD-100202,PRD-0454,4,1033.99,0
ITM-100578,ORD-100202,PRD-0382,7,4536.34,10
ITM-100579,ORD-100203,PRD-0414,10,28980.26,10
ITM-100580,ORD-100203,PRD-0513,9,2356.73,10
ITM-100581,ORD-100203,PRD-0308,10,1470.3,0
ITM-100582,ORD-100203,PRD-0257,-4,1148.63,0
ITM-100583,ORD-100204,PRD-0283,10,3300.33,10
ITM-100584,ORD-100204,PRD-0205,9,1775.66,5
ITM-100585,ORD-100204,PRD-0493,-3,933.06,10
ITM-100586,ORD-100205,PRD-0384,8,13657.97,20
ITM-100587,ORD-100205,PRD-0315,1,4560.37,5
ITM-100588,ORD-100205,PRD-0338,2,7910.13,5
ITM-100589,ORD-100205,PRD-0251,3,890.15,5
ITM-100590,ORD-100206,PRD-0101,2,19968.9,10
ITM-100591,ORD-100206,PRD-0154,9,693.01,5
ITM-100592,ORD-100206,PRD-0551,8,53043.08,15
ITM-100593,ORD-100207,PRD-0410,2,1236.57,20
ITM-100594,ORD-100207,PRD-0347,7,725.17,20
ITM-100595,ORD-100207,PRD-0487,8,1989.69,15
ITM-100596,ORD-100208,PRD-0420,6,36914.38,20
ITM-100597,ORD-100208,PRD-0181,4,1567.94,20
ITM-100598,ORD-100208,PRD-0271,3,247.75,10
ITM-100599,ORD-100209,PRD-0553,5,725.98,15
ITM-100600,ORD-100209,PRD-0224,7,10141.02,20
ITM-100601,ORD-100209,PRD-0457,1,3867.97,5
ITM-100602,ORD-100210,PRD-0578,7,7067.62,10
ITM-100603,ORD-100210,PRD-0319,9,6650.72,20
ITM-100604,ORD-100210,PRD-0296,6,692.42,15
ITM-100605,ORD-100211,PRD-0111,8,274.76,5
ITM-100606,ORD-100211,PRD-0470,4,42683.08,20
ITM-100607,ORD-100212,PRD-0418,2,62352.35,10
ITM-100608,ORD-100212,PRD-0478,9,5376.34,10
ITM-100609,ORD-100213,PRD-0380,5,3402.22,0
ITM-100610,ORD-100213,PRD-0591,1,23528.9,15
ITM-100611,ORD-100214,PRD-0360,1,150.26,10
ITM-100612,ORD-100214,PRD-0132,10,60194.79,15
ITM-100613,ORD-100214,PRD-0566,3,271.69,15
ITM-100614,ORD-100214,PRD-0585,2,9274.26,20
ITM-100615,ORD-100215,PRD-0479,10,36427.15,0
ITM-100616,ORD-100215,PRD-0257,3,1148.63,5
ITM-100617,ORD-100216,PRD-0530,1,19624.86,0
ITM-100618,ORD-100216,PRD-0555,6,29383.23,0
ITM-100619,ORD-100217,PRD-0385,10,3131.8,5
ITM-100620,ORD-100217,PRD-0118,6,42964.12,10
ITM-100621,ORD-100218,PRD-0274,6,12486.36,20
ITM-100622,ORD-100218,PRD-0115,7,2024.61,15
ITM-100623,ORD-100218,PRD-0163,4,330.49,0
ITM-100624,ORD-100218,PRD-0614,5,2060.65,5
ITM-100625,ORD-100219,PRD-0277,1,140.18,15
ITM-100626,ORD-100219,PRD-0383,4,3152.48,20
ITM-100627,ORD-100220,PRD-0618,3,11394.39,15
ITM-100628,ORD-100220,PRD-0104,5,40675.75,0
ITM-100629,ORD-100220,PRD-0460,6,2881.87,0
ITM-100630,ORD-100220,PRD-0578,2,7067.62,20
ITM-100631,ORD-100221,PRD-0575,2,32153.72,0
ITM-100632,ORD-100221,PRD-0193,2,6532.33,5
ITM-100633,ORD-100221,PRD-0291,10,1114.42,10
ITM-100634,ORD-100221,PRD-0121,1,64501.14,5
ITM-100635,ORD-100222,PRD-0484,2,64971.86,15
ITM-100636,ORD-100222,PRD-0353,4,4831.16,10
ITM-100637,ORD-100223,PRD-0236,1,3875.91,10
ITM-100638,ORD-100223,PRD-0489,3,26710.42,10
ITM-100639,ORD-100223,PRD-0386,10,12482.52,5
ITM-100640,ORD-100223,PRD-0424,4,1125.38,15
ITM-100641,ORD-100224,PRD-0380,-5,3402.22,5
ITM-100642,ORD-100224,PRD-0403,8,3376.45,10
ITM-100643,ORD-100225,PRD-0195,6,54724.3,15
ITM-100644,ORD-100225,PRD-0473,9,9095.62,10
ITM-100645,ORD-100225,PRD-0561,-2,1961.36,5
ITM-100646,ORD-100226,PRD-0495,9,9743.47,5
ITM-100647,ORD-100226,PRD-0316,6,486.26,15
ITM-100648,ORD-100226,PRD-0396,6,1008.94,5
ITM-100649,ORD-100226,PRD-0616,5,11361.23,20
ITM-100650,ORD-100227,PRD-0316,4,486.26,10
ITM-100651,ORD-100227,PRD-0579,1,11551.56,10
ITM-100652,ORD-100228,PRD-0291,3,1114.42,15
ITM-100653,ORD-100228,PRD-0579,6,11551.56,20
ITM-100654,ORD-100229,PRD-0487,1,1989.69,20
ITM-100655,ORD-100229,PRD-0431,6,10349.29,0
ITM-100656,ORD-100229,PRD-0109,7,5791.92,5
ITM-100657,ORD-100230,PRD-0443,2,5362.7,10
ITM-100658,ORD-100230,PRD-0292,5,4549.26,10
ITM-100659,ORD-100230,PRD-0267,9,3546.53,15
ITM-100660,ORD-100231,PRD-0123,10,6025.13,15
ITM-100661,ORD-100231,PRD-0568,10,1234.72,20
ITM-100662,ORD-100232,PRD-0546,8,11188.12,15
ITM-100663,ORD-100232,PRD-0350,6,2944.63,10
ITM-100664,ORD-100232,PRD-0446,7,17603.06,15
ITM-100665,ORD-100232,PRD-0408,4,19863.73,0
ITM-100666,ORD-100233,PRD-0211,7,20750.44,15
ITM-100667,ORD-100233,PRD-0376,7,45967.85,20
ITM-100668,ORD-100233,PRD-0130,9,934.24,5
ITM-100669,ORD-100233,PRD-0271,10,247.75,10
ITM-100670,ORD-100234,PRD-0304,3,2025.81,20
ITM-100671,ORD-100234,PRD-0234,1,1141.12,10
ITM-100672,ORD-100234,PRD-0193,3,6532.33,10
ITM-100673,ORD-100234,PRD-0455,7,78763.43,15
ITM-100674,ORD-100235,PRD-0572,3,19320.53,0
ITM-100675,ORD-100235,PRD-0306,5,896.08,5
ITM-100676,ORD-100236,PRD-0183,4,74574.61,5
ITM-100678,ORD-100236,PRD-0351,9,409.51,5
ITM-100679,ORD-100237,PRD-0106,3,728.89,15
ITM-100680,ORD-100237,PRD-0453,8,9315.74,0
ITM-100681,ORD-100237,PRD-0504,8,9217.34,5
ITM-100682,ORD-100238,PRD-0486,4,833.7,15
ITM-100683,ORD-100238,PRD-0199,3,318.97,15
ITM-100684,ORD-100238,PRD-0426,7,1622.8,5
ITM-100685,ORD-100238,PRD-0435,-2,5400.93,10
ITM-100686,ORD-100239,PRD-0504,2,9217.34,20
ITM-100687,ORD-100239,PRD-0456,10,24462.84,15
ITM-100688,ORD-100239,PRD-0128,10,12650.88,5
ITM-100689,ORD-100239,PRD-0283,6,3300.33,5
ITM-100690,ORD-100240,PRD-0449,1,13014.09,20
ITM-100691,ORD-100240,PRD-0508,4,838.44,0
ITM-100692,ORD-100240,PRD-0242,4,6324.25,15
ITM-100693,ORD-100241,PRD-0317,7,6671.43,10
ITM-100694,ORD-100241,PRD-0196,7,70788.71,10
ITM-100695,ORD-100242,PRD-0285,3,32649.89,15
ITM-100696,ORD-100242,PRD-0392,7,53989.86,10
ITM-100697,ORD-100242,PRD-0593,5,734.96,0
ITM-100698,ORD-100242,PRD-0532,3,5880.51,5
ITM-100699,ORD-100243,PRD-0209,2,9009.08,15
ITM-100700,ORD-100243,PRD-0455,7,78763.43,0
ITM-100701,ORD-100243,PRD-0113,6,10612.89,5
ITM-100702,ORD-100244,PRD-0620,8,4670.57,15
ITM-100703,ORD-100244,PRD-0112,7,872.86,15
ITM-100704,ORD-100245,PRD-0156,7,58392.98,10
ITM-100705,ORD-100245,PRD-0365,10,6545.7,0
ITM-100706,ORD-100245,PRD-0562,6,14413.72,20
ITM-100707,ORD-100246,PRD-0444,6,2918.34,20
ITM-100708,ORD-100246,PRD-0215,7,25088.13,5
ITM-100709,ORD-100246,PRD-0493,3,933.06,0
ITM-100710,ORD-100247,PRD-0446,5,17603.06,20
ITM-100711,ORD-100247,PRD-0303,10,934.58,20
ITM-100712,ORD-100248,PRD-0566,1,271.69,15
ITM-100713,ORD-100248,PRD-0576,1,675.11,10
ITM-100714,ORD-100248,PRD-0225,8,907.3,15
ITM-100715,ORD-100248,PRD-0476,10,6680.48,0
ITM-100716,ORD-100249,PRD-0479,7,36427.15,0
ITM-100717,ORD-100249,PRD-0446,1,17603.06,10
ITM-100718,ORD-100249,PRD-0374,5,739.57,5
ITM-100719,ORD-100249,PRD-0466,1,223.38,15
ITM-100720,ORD-100250,PRD-0433,1,8176.87,10
ITM-100721,ORD-100250,PRD-0215,1,25088.13,10
ITM-100722,ORD-100250,PRD-0506,3,5612.44,5
ITM-100725,ORD-100252,PRD-0570,4,10720.37,20
ITM-100726,ORD-100252,PRD-0570,2,10720.37,0
ITM-100727,ORD-100252,PRD-0435,1,5400.93,10
ITM-100728,ORD-100253,PRD-0204,9,313.59,15
ITM-100729,ORD-100253,PRD-0181,5,1567.94,10
ITM-100730,ORD-100254,PRD-0511,3,876.36,0
ITM-100731,ORD-100254,PRD-0364,7,63793.41,0
ITM-100732,ORD-100254,PRD-0220,10,3971.64,5
ITM-100733,ORD-100255,PRD-0411,9,3916.97,20
ITM-100734,ORD-100255,PRD-0350,6,2944.63,0
ITM-100735,ORD-100255,PRD-0585,7,9274.26,5
ITM-100736,ORD-100256,PRD-0291,9,1114.42,10
ITM-100737,ORD-100256,PRD-0147,7,1822.81,20
ITM-100738,ORD-100256,PRD-0286,5,3387.01,10
ITM-100739,ORD-100257,PRD-0517,1,14918.7,5
ITM-100740,ORD-100257,PRD-0525,5,784.87,5
ITM-100741,ORD-100258,PRD-0574,6,9237.43,20
ITM-100742,ORD-100258,PRD-0200,4,4112.06,5
ITM-100743,ORD-100258,PRD-0119,4,2418.85,10
ITM-100744,ORD-100259,PRD-0395,-3,9767.64,20
ITM-100745,ORD-100259,PRD-0531,-4,1030.12,20
ITM-100746,ORD-100260,PRD-0499,9,570.39,15
ITM-100747,ORD-100260,PRD-0113,6,10612.89,10
ITM-100748,ORD-100260,PRD-0428,8,1826.87,10
ITM-100749,ORD-100260,PRD-0256,8,1268.88,15
ITM-100750,ORD-100261,PRD-0275,5,19887.14,15
ITM-100751,ORD-100261,PRD-0513,10,2356.73,0
ITM-100752,ORD-100262,PRD-0599,6,474.46,20
ITM-100753,ORD-100262,PRD-0186,9,1177.27,5
ITM-100757,ORD-100264,PRD-0461,7,12947.2,20
ITM-100758,ORD-100264,PRD-0526,5,3266.97,0
ITM-100759,ORD-100265,PRD-0603,7,7549.24,5
ITM-100760,ORD-100265,PRD-0235,-1,462.87,15
ITM-100761,ORD-100265,PRD-0227,7,70947.88,0
ITM-100762,ORD-100265,PRD-0324,2,354.08,5
ITM-100763,ORD-100266,PRD-0397,3,75727.79,5
ITM-100764,ORD-100266,PRD-0511,7,876.36,20
ITM-100765,ORD-100266,PRD-0461,7,12947.2,5
ITM-100766,ORD-100266,PRD-0386,6,12482.52,10
ITM-100767,ORD-100267,PRD-0209,9,9009.08,10
ITM-100768,ORD-100267,PRD-0502,7,1068.06,5
ITM-100769,ORD-100267,PRD-0607,5,3000.05,15
ITM-100770,ORD-100267,PRD-0561,3,1961.36,5
ITM-100771,ORD-100268,PRD-0396,9,1008.94,0
ITM-100772,ORD-100268,PRD-0443,3,5362.7,15
ITM-100773,ORD-100268,PRD-0201,10,68758.16,15
ITM-100774,ORD-100269,PRD-0529,7,1598.11,15
ITM-100775,ORD-100269,PRD-0294,10,418.48,0
ITM-100776,ORD-100269,PRD-0330,10,26200.27,5
ITM-100777,ORD-100269,PRD-0616,10,11361.23,0
ITM-100782,ORD-100271,PRD-0298,8,358.11,5
ITM-100783,ORD-100271,PRD-0478,3,5376.34,5
ITM-100784,ORD-100271,PRD-0584,6,3065.08,5
ITM-100785,ORD-100271,PRD-0236,2,3875.91,10
ITM-100786,ORD-100272,PRD-0312,8,1207.02,20
ITM-100787,ORD-100272,PRD-0571,10,2642.03,5
ITM-100788,ORD-100273,PRD-0348,8,565.42,5
ITM-100789,ORD-100273,PRD-0613,10,7638.19,0
ITM-100790,ORD-100273,PRD-0440,4,8675.39,5
ITM-100791,ORD-100274,PRD-0172,1,775.46,0
ITM-100792,ORD-100274,PRD-0517,8,14918.7,20
ITM-100793,ORD-100274,PRD-0495,7,9743.47,0
ITM-100794,ORD-100275,PRD-0224,9,10141.02,20
ITM-100795,ORD-100275,PRD-0125,8,2787.09,15
ITM-100796,ORD-100275,PRD-0162,7,399.25,10
ITM-100797,ORD-100276,PRD-0141,7,78249.77,10
ITM-100798,ORD-100276,PRD-0551,2,53043.08,15
ITM-100799,ORD-100276,PRD-0207,5,563.61,5
ITM-100800,ORD-100276,PRD-0215,6,25088.13,5
ITM-100801,ORD-100277,PRD-0448,-1,11686.01,5
ITM-100803,ORD-100277,PRD-0200,2,4112.06,10
ITM-100804,ORD-100278,PRD-0604,5,1330.71,5
ITM-100805,ORD-100278,PRD-0451,8,949.91,10
ITM-100806,ORD-100278,PRD-0439,5,1880.55,15
ITM-100807,ORD-100279,PRD-0382,1,4536.34,20
ITM-100808,ORD-100279,PRD-0244,9,38419.89,5
ITM-100809,ORD-100279,PRD-0396,4,1008.94,0
ITM-100810,ORD-100279,PRD-0480,6,6600.11,20
ITM-100811,ORD-100280,PRD-0399,3,2377.49,10
ITM-100812,ORD-100280,PRD-0413,8,9966.71,15
ITM-100813,ORD-100280,PRD-0402,3,671.36,5
ITM-100814,ORD-100280,PRD-0251,5,890.15,20
ITM-100815,ORD-100281,PRD-0364,1,63793.41,5
ITM-100816,ORD-100281,PRD-0317,5,6671.43,20
ITM-100817,ORD-100281,PRD-0252,1,11288.11,20
ITM-100818,ORD-100282,PRD-0473,9,9095.62,20
ITM-100819,ORD-100282,PRD-0516,10,32018.09,15
ITM-100820,ORD-100282,PRD-0275,3,19887.14,10
ITM-100821,ORD-100283,PRD-0614,9,2060.65,10
ITM-100822,ORD-100283,PRD-0484,8,64971.86,15
ITM-100823,ORD-100283,PRD-0274,8,12486.36,20
ITM-100824,ORD-100283,PRD-0280,7,7821.91,15
ITM-100825,ORD-100284,PRD-0167,4,2980.07,10
ITM-100826,ORD-100284,PRD-0417,4,259.11,5
ITM-100827,ORD-100285,PRD-0385,2,3131.8,20
ITM-100828,ORD-100285,PRD-0302,8,1909.01,10
ITM-100829,ORD-100286,PRD-0113,4,10612.89,20
ITM-100830,ORD-100286,PRD-0308,1,1470.3,10
ITM-100831,ORD-100286,PRD-0509,6,4046.04,0
ITM-100832,ORD-100287,PRD-0169,9,1387.14,10
ITM-100833,ORD-100287,PRD-0182,8,1084.96,0
ITM-100834,ORD-100287,PRD-0354,5,4833.7,5
ITM-100835,ORD-100287,PRD-0288,4,4173.11,5
ITM-100836,ORD-100288,PRD-0568,1,1234.72,5
ITM-100837,ORD-100288,PRD-0373,5,9638.24,20
ITM-100838,ORD-100288,PRD-0194,2,71969.03,5
ITM-100839,ORD-100288,PRD-0236,5,3875.91,20
ITM-100840,ORD-100289,PRD-0313,4,3981.57,5
ITM-100841,ORD-100289,PRD-0589,2,75909.47,15
ITM-100842,ORD-100290,PRD-0153,2,232.06,10
ITM-100843,ORD-100290,PRD-0302,2,1909.01,15
ITM-100844,ORD-100290,PRD-0553,8,725.98,0
ITM-100845,ORD-100290,PRD-0303,9,934.58,0
ITM-100846,ORD-100291,PRD-0321,8,76971.93,20
ITM-100847,ORD-100291,PRD-0408,1,19863.73,20
ITM-100848,ORD-100291,PRD-0541,8,25589.87,0
ITM-100849,ORD-100291,PRD-0300,10,6389.53,20
ITM-100850,ORD-100292,PRD-0101,7,19968.9,10
ITM-100851,ORD-100292,PRD-0378,3,111.34,15
ITM-100852,ORD-100292,PRD-0437,8,8732.09,20
ITM-100853,ORD-100293,PRD-0391,5,470.24,10
ITM-100854,ORD-100293,PRD-0355,5,1630.72,10
ITM-100855,ORD-100293,PRD-0616,8,11361.23,10
ITM-100856,ORD-100293,PRD-0215,8,25088.13,5
ITM-100859,ORD-100295,PRD-0543,2,151.27,10
ITM-100860,ORD-100295,PRD-0554,9,4227.15,10
ITM-100861,ORD-100296,PRD-0299,4,9569.93,0
ITM-100862,ORD-100296,PRD-0319,9,6650.72,10
ITM-100863,ORD-100297,PRD-0428,8,1826.87,20
ITM-100864,ORD-100297,PRD-0206,10,51497.8,10
ITM-100865,ORD-100297,PRD-0316,3,486.26,20
ITM-100866,ORD-100298,PRD-0261,7,889.56,5
ITM-100867,ORD-100298,PRD-0276,10,954.46,5
ITM-100868,ORD-100298,PRD-0261,9,889.56,10
ITM-100869,ORD-100299,PRD-0527,4,255.2,10
ITM-100870,ORD-100299,PRD-0370,5,743.4,15
ITM-100871,ORD-100299,PRD-0480,5,6600.11,5
ITM-100872,ORD-100300,PRD-0463,8,46085.27,10
ITM-100873,ORD-100300,PRD-0416,10,451.52,15
ITM-100874,ORD-100300,PRD-0503,1,409.72,15
ITM-100875,ORD-100301,PRD-0157,-2,15621.61,15
ITM-100876,ORD-100301,PRD-0244,5,38419.89,15
ITM-100877,ORD-100301,PRD-0120,4,10316.52,5
ITM-100878,ORD-100302,PRD-0363,6,55673.09,10
ITM-100879,ORD-100302,PRD-0125,7,2787.09,10
ITM-100880,ORD-100302,PRD-0492,9,1689.11,10
ITM-100881,ORD-100302,PRD-0305,10,1304.23,5
ITM-100882,ORD-100303,PRD-0551,2,53043.08,10
ITM-100883,ORD-100303,PRD-0177,3,13945.92,5
ITM-100884,ORD-100303,PRD-0434,10,8859.01,15
ITM-100885,ORD-100303,PRD-0582,7,1748.77,0
ITM-100886,ORD-100304,PRD-0599,5,474.46,5
ITM-100887,ORD-100304,PRD-0485,2,731.26,0
ITM-100888,ORD-100304,PRD-0158,5,690.63,10
ITM-100889,ORD-100304,PRD-0479,5,36427.15,15
ITM-100890,ORD-100305,PRD-0584,2,3065.08,5
ITM-100891,ORD-100305,PRD-0433,3,8176.87,15
ITM-100892,ORD-100306,PRD-0407,4,53190.11,20
ITM-100893,ORD-100306,PRD-0191,4,113.54,15
ITM-100894,ORD-100307,PRD-0367,9,1040.33,20
ITM-100895,ORD-100307,PRD-0399,3,2377.49,0
ITM-100896,ORD-100307,PRD-0170,6,4811.74,10
ITM-100897,ORD-100308,PRD-0320,6,48495.23,5
ITM-100898,ORD-100308,PRD-0580,8,2613.75,5
ITM-100899,ORD-100308,PRD-0471,4,1885.28,10
ITM-100900,ORD-100309,PRD-0366,10,2177.85,10
ITM-100901,ORD-100309,PRD-0124,2,470.83,5
ITM-100902,ORD-100309,PRD-0521,-1,961.49,15
ITM-100903,ORD-100309,PRD-0599,9,474.46,0
ITM-100904,ORD-100310,PRD-0483,10,311.21,0
ITM-100905,ORD-100310,PRD-0548,9,614.29,0
ITM-100906,ORD-100311,PRD-0604,10,1330.71,10
ITM-100907,ORD-100311,PRD-0442,2,2801.78,0
ITM-100908,ORD-100311,PRD-0195,2,54724.3,20
ITM-100909,ORD-100312,PRD-0263,2,11700.21,20
ITM-100910,ORD-100312,PRD-0580,4,2613.75,20
ITM-100911,ORD-100312,PRD-0175,5,3694.49,15
ITM-100912,ORD-100312,PRD-0577,3,203.25,15
ITM-100913,ORD-100313,PRD-0439,3,1880.55,0
ITM-100914,ORD-100313,PRD-0448,9,11686.01,15
ITM-100915,ORD-100313,PRD-0543,7,151.27,0
ITM-100916,ORD-100313,PRD-0401,10,3343.63,0
ITM-100917,ORD-100314,PRD-0120,4,10316.52,0
ITM-100918,ORD-100314,PRD-0431,3,10349.29,15
ITM-100919,ORD-100314,PRD-0366,10,2177.85,5
ITM-100920,ORD-100315,PRD-0435,8,5400.93,20
ITM-100921,ORD-100315,PRD-0306,6,896.08,20
ITM-100922,ORD-100315,PRD-0257,3,1148.63,5
ITM-100923,ORD-100315,PRD-0312,3,1207.02,10
ITM-100924,ORD-100316,PRD-0127,10,2645.73,20
ITM-100925,ORD-100316,PRD-0141,9,78249.77,5
ITM-100926,ORD-100317,PRD-0171,-2,47805.29,10
ITM-100927,ORD-100317,PRD-0336,4,1953.18,5
ITM-100928,ORD-100317,PRD-0411,7,3916.97,5
ITM-100929,ORD-100318,PRD-0339,6,51992.92,5
ITM-100930,ORD-100318,PRD-0128,8,12650.88,5
ITM-100931,ORD-100318,PRD-0227,1,70947.88,15
ITM-100932,ORD-100319,PRD-0314,1,750.93,15
ITM-100933,ORD-100319,PRD-0558,7,1938.32,15
ITM-100934,ORD-100319,PRD-0304,7,2025.81,5
ITM-100935,ORD-100320,PRD-0228,3,2573.01,0
ITM-100936,ORD-100320,PRD-0619,9,2361.77,20
ITM-100937,ORD-100320,PRD-0225,4,907.3,5
ITM-100938,ORD-100320,PRD-0224,10,10141.02,15
ITM-100939,ORD-100321,PRD-0425,4,5806.43,15
ITM-100940,ORD-100321,PRD-0316,9,486.26,0
ITM-100941,ORD-100321,PRD-0469,5,3939.77,15
ITM-100946,ORD-100323,PRD-0408,2,19863.73,5
ITM-100947,ORD-100323,PRD-0500,1,66892.03,15
ITM-100948,ORD-100323,PRD-0382,1,4536.34,10
ITM-100949,ORD-100324,PRD-0355,10,1630.72,5
ITM-100950,ORD-100324,PRD-0110,9,12135.85,5
ITM-100951,ORD-100325,PRD-0244,1,38419.89,15
ITM-100952,ORD-100325,PRD-0163,4,330.49,20
ITM-100953,ORD-100326,PRD-0401,10,3343.63,10
ITM-100954,ORD-100326,PRD-0525,7,784.87,5
ITM-100955,ORD-100326,PRD-0277,9,140.18,5
ITM-100956,ORD-100326,PRD-0256,6,1268.88,5
ITM-100957,ORD-100327,PRD-0267,8,3546.53,0
ITM-100958,ORD-100327,PRD-0309,7,14318.18,10
ITM-100959,ORD-100328,PRD-0483,10,311.21,10
ITM-100960,ORD-100328,PRD-0429,1,682.39,0
ITM-100961,ORD-100328,PRD-0440,8,8675.39,0
ITM-100962,ORD-100328,PRD-0136,7,48913.13,5
ITM-100963,ORD-100329,PRD-0487,9,1989.69,20
ITM-100964,ORD-100329,PRD-0274,2,12486.36,5
ITM-100965,ORD-100330,PRD-0458,2,264.79,5
ITM-100966,ORD-100330,PRD-0530,2,19624.86,0
ITM-100967,ORD-100331,PRD-0576,9,675.11,15
ITM-100968,ORD-100331,PRD-0551,10,53043.08,5
ITM-100969,ORD-100331,PRD-0101,8,19968.9,10
ITM-100970,ORD-100332,PRD-0364,6,63793.41,5
ITM-100971,ORD-100332,PRD-0475,2,1000.19,20
ITM-100972,ORD-100332,PRD-0590,10,9328.91,15
ITM-100973,ORD-100333,PRD-0229,9,3349.08,5
ITM-100974,ORD-100333,PRD-0233,4,12483.95,5
ITM-100975,ORD-100334,PRD-0185,7,22151.68,0
ITM-100976,ORD-100334,PRD-0390,2,612.09,20
ITM-100977,ORD-100334,PRD-0356,5,1111.42,5
ITM-100978,ORD-100334,PRD-0290,6,2994.38,10
ITM-100979,ORD-100335,PRD-0574,9,9237.43,20
ITM-100980,ORD-100335,PRD-0374,6,739.57,5
ITM-100981,ORD-100335,PRD-0533,3,3960.99,10
ITM-100982,ORD-100335,PRD-0136,-3,48913.13,15
ITM-100983,ORD-100336,PRD-0287,3,6468.73,0
ITM-100984,ORD-100336,PRD-0135,3,7689.07,5
ITM-100985,ORD-100337,PRD-0431,10,10349.29,0
ITM-100986,ORD-100337,PRD-0593,6,734.96,15
ITM-100987,ORD-100337,PRD-0293,7,360.1,20
ITM-100988,ORD-100338,PRD-0320,10,48495.23,15
ITM-100989,ORD-100338,PRD-0370,8,743.4,20
ITM-100990,ORD-100338,PRD-0221,9,6716.07,10
ITM-100991,ORD-100339,PRD-0446,5,17603.06,5
ITM-100992,ORD-100339,PRD-0450,9,35727.48,15
ITM-100993,ORD-100339,PRD-0568,6,1234.72,0
ITM-100994,ORD-100340,PRD-0370,6,743.4,0
ITM-100995,ORD-100340,PRD-0537,9,12230.61,0
ITM-100996,ORD-100340,PRD-0230,4,17897.87,0
ITM-100997,ORD-100340,PRD-0569,2,8317.46,0
ITM-100998,ORD-100341,PRD-0403,6,3376.45,5
ITM-100999,ORD-100341,PRD-0415,7,1754.1,15
ITM-101000,ORD-100341,PRD-0185,3,22151.68,20
ITM-101001,ORD-100341,PRD-0508,4,838.44,20
ITM-101002,ORD-100342,PRD-0328,4,1027.62,0
ITM-101003,ORD-100342,PRD-0463,10,46085.27,20
ITM-101004,ORD-100343,PRD-0149,6,5858.33,20
ITM-101005,ORD-100343,PRD-0336,3,1953.18,20
ITM-101006,ORD-100344,PRD-0263,3,11700.21,0
ITM-101007,ORD-100344,PRD-0332,9,33353.18,5
ITM-101008,ORD-100344,PRD-0535,5,27911.8,5
ITM-101009,ORD-100345,PRD-0511,7,876.36,10
ITM-101010,ORD-100345,PRD-0532,8,5880.51,15
ITM-101011,ORD-100346,PRD-0240,1,3530.96,10
ITM-101012,ORD-100346,PRD-0177,9,13945.92,10
ITM-101013,ORD-100346,PRD-0420,10,36914.38,5
ITM-101014,ORD-100347,PRD-0169,7,1387.14,0
ITM-101015,ORD-100347,PRD-0244,8,38419.89,5
ITM-101016,ORD-100347,PRD-0265,-1,32034.03,5
ITM-101017,ORD-100347,PRD-0264,7,718.87,15
ITM-101018,ORD-100348,PRD-0299,6,9569.93,5
ITM-101019,ORD-100348,PRD-0173,5,3053.69,5
ITM-101020,ORD-100348,PRD-0244,2,38419.89,15
ITM-101021,ORD-100348,PRD-0256,8,1268.88,5
ITM-101022,ORD-100349,PRD-0383,1,3152.48,10
ITM-101023,ORD-100349,PRD-0221,5,6716.07,20
ITM-101024,ORD-100350,PRD-0206,8,51497.8,20
ITM-101025,ORD-100350,PRD-0338,5,7910.13,15
ITM-101026,ORD-100350,PRD-0228,10,2573.01,20
ITM-101027,ORD-100350,PRD-0566,2,271.69,5
ITM-101028,ORD-100351,PRD-0450,1,35727.48,10
ITM-101029,ORD-100351,PRD-0491,2,591.21,10
ITM-101030,ORD-100351,PRD-0578,10,7067.62,15
ITM-101031,ORD-100351,PRD-0273,5,7053.38,15
ITM-101032,ORD-100352,PRD-0206,10,51497.8,0
ITM-101033,ORD-100352,PRD-0472,8,693.46,5
ITM-101034,ORD-100353,PRD-0543,1,151.27,15
ITM-101035,ORD-100353,PRD-0208,5,14696.14,10
ITM-101036,ORD-100353,PRD-0358,6,9800.07,20
ITM-101037,ORD-100353,PRD-0530,6,19624.86,10
ITM-101038,ORD-100354,PRD-0114,8,78825.11,0
ITM-101039,ORD-100354,PRD-0349,8,1405.99,20
ITM-101040,ORD-100355,PRD-0545,2,10395.76,10
ITM-101041,ORD-100355,PRD-0600,10,664.7,20
ITM-101042,ORD-100356,PRD-0485,9,731.26,0
ITM-101043,ORD-100356,PRD-0492,10,1689.11,0
ITM-101044,ORD-100356,PRD-0211,2,20750.44,20
ITM-101045,ORD-100356,PRD-0198,4,4885.79,0
ITM-101046,ORD-100357,PRD-0532,1,5880.51,15
ITM-101047,ORD-100357,PRD-0456,8,24462.84,15
ITM-101048,ORD-100357,PRD-0139,7,19536.46,15
ITM-101049,ORD-100358,PRD-0127,10,2645.73,5
ITM-101050,ORD-100358,PRD-0286,6,3387.01,0
ITM-101051,ORD-100358,PRD-0202,7,4119.62,10
ITM-101052,ORD-100358,PRD-0130,5,934.24,15
ITM-101053,ORD-100359,PRD-0453,4,9315.74,10
ITM-101054,ORD-100359,PRD-0384,1,13657.97,15
ITM-101055,ORD-100359,PRD-0433,5,8176.87,15
ITM-101056,ORD-100360,PRD-0315,9,4560.37,20
ITM-101057,ORD-100360,PRD-0430,6,25345.62,15
ITM-101058,ORD-100361,PRD-0612,6,15975.1,0
ITM-101059,ORD-100361,PRD-0461,9,12947.2,20
ITM-101060,ORD-100362,PRD-0334,5,1163.99,10
ITM-101061,ORD-100362,PRD-0204,7,313.59,0
ITM-101062,ORD-100362,PRD-0421,8,67860.23,20
ITM-101063,ORD-100362,PRD-0291,4,1114.42,15
ITM-101064,ORD-100363,PRD-0598,6,4888.87,10
ITM-101065,ORD-100363,PRD-0549,3,1322.07,10
ITM-101066,ORD-100363,PRD-0273,1,7053.38,10
ITM-101067,ORD-100364,PRD-0295,5,55944.68,20
ITM-101068,ORD-100364,PRD-0619,5,2361.77,20
ITM-101069,ORD-100365,PRD-0283,10,3300.33,15
ITM-101070,ORD-100365,PRD-0178,2,49882.16,5
ITM-101071,ORD-100365,PRD-0193,7,6532.33,20
ITM-101072,ORD-100365,PRD-0370,6,743.4,5
ITM-101073,ORD-100366,PRD-0463,3,46085.27,15
ITM-101074,ORD-100366,PRD-0495,5,9743.47,0
ITM-101075,ORD-100366,PRD-0185,4,22151.68,10
ITM-101076,ORD-100366,PRD-0554,4,4227.15,0
ITM-101077,ORD-100367,PRD-0259,1,16349.17,10
ITM-101078,ORD-100367,PRD-0607,4,3000.05,5
ITM-101079,ORD-100367,PRD-0352,8,640.51,5
ITM-101080,ORD-100367,PRD-0322,1,61167.17,5
ITM-101081,ORD-100368,PRD-0350,10,2944.63,0
ITM-101082,ORD-100368,PRD-0595,7,576.27,15
ITM-101083,ORD-100368,PRD-0297,3,37817.06,15
ITM-101084,ORD-100369,PRD-0510,7,450.46,20
ITM-101085,ORD-100369,PRD-0368,-3,1056.39,10
ITM-101086,ORD-100369,PRD-0542,6,14838.47,10
ITM-101087,ORD-100369,PRD-0341,9,6320.03,10
ITM-101088,ORD-100370,PRD-0179,6,17445.77,5
ITM-101089,ORD-100370,PRD-0353,-1,4831.16,20
ITM-101090,ORD-100370,PRD-0232,9,64212.62,0
ITM-101091,ORD-100371,PRD-0588,6,12404.76,20
ITM-101092,ORD-100371,PRD-0208,4,14696.14,20
ITM-101093,ORD-100371,PRD-0457,4,3867.97,20
ITM-101094,ORD-100371,PRD-0577,10,203.25,10
ITM-101095,ORD-100372,PRD-0572,8,19320.53,20
ITM-101096,ORD-100372,PRD-0610,7,70655.23,20
ITM-101099,ORD-100374,PRD-0589,2,75909.47,5
ITM-101100,ORD-100374,PRD-0463,5,46085.27,0
ITM-101101,ORD-100374,PRD-0359,10,14318.97,0
ITM-101102,ORD-100375,PRD-0542,7,14838.47,5
ITM-101103,ORD-100375,PRD-0321,5,76971.93,15
ITM-101104,ORD-100375,PRD-0412,4,79008.42,10
ITM-101109,ORD-100377,PRD-0524,4,1186.64,5
ITM-101110,ORD-100377,PRD-0355,3,1630.72,20
ITM-101111,ORD-100378,PRD-0131,2,451.98,15
ITM-101112,ORD-100378,PRD-0440,2,8675.39,0
ITM-101113,ORD-100379,PRD-0497,7,14274.86,15
ITM-101114,ORD-100379,PRD-0586,6,47548.77,5
ITM-101115,ORD-100379,PRD-0288,5,4173.11,0
ITM-101116,ORD-100380,PRD-0282,5,877.25,15
ITM-101117,ORD-100380,PRD-0612,3,15975.1,0
ITM-101118,ORD-100380,PRD-0367,4,1040.33,15
ITM-101119,ORD-100381,PRD-0460,6,2881.87,0
ITM-101120,ORD-100381,PRD-0563,9,41660.75,0
ITM-101121,ORD-100382,PRD-0121,1,64501.14,20
ITM-101122,ORD-100382,PRD-0161,2,13721.73,10
ITM-101123,ORD-100382,PRD-0273,9,7053.38,0
ITM-101126,ORD-100384,PRD-0484,3,64971.86,0
ITM-101127,ORD-100384,PRD-0294,8,418.48,20
ITM-101128,ORD-100384,PRD-0287,4,6468.73,20
ITM-101129,ORD-100384,PRD-0454,3,1033.99,0
ITM-101130,ORD-100385,PRD-0484,3,64971.86,20
ITM-101131,ORD-100385,PRD-0552,9,2624.67,5
ITM-101132,ORD-100385,PRD-0253,-2,170.4,15
ITM-101133,ORD-100385,PRD-0140,2,4745.36,20
ITM-101134,ORD-100386,PRD-0399,6,2377.49,0
ITM-101135,ORD-100386,PRD-0285,9,32649.89,20
ITM-101136,ORD-100386,PRD-0272,8,6616.98,0
ITM-101137,ORD-100387,PRD-0259,6,16349.17,20
ITM-101138,ORD-100387,PRD-0566,7,271.69,20
ITM-101139,ORD-100388,PRD-0220,2,3971.64,20
ITM-101140,ORD-100388,PRD-0447,6,577.25,5
ITM-101141,ORD-100388,PRD-0245,8,12823.7,5
ITM-101142,ORD-100389,PRD-0514,6,640.23,0
ITM-101143,ORD-100389,PRD-0161,10,13721.73,15
ITM-101144,ORD-100390,PRD-0194,9,71969.03,10
ITM-101145,ORD-100390,PRD-0504,4,9217.34,20
ITM-101146,ORD-100391,PRD-0429,8,682.39,5
ITM-101147,ORD-100391,PRD-0303,7,934.58,10
ITM-101148,ORD-100391,PRD-0514,7,640.23,15
ITM-101149,ORD-100392,PRD-0603,8,7549.24,0
ITM-101150,ORD-100392,PRD-0207,9,563.61,10
ITM-101151,ORD-100393,PRD-0499,-2,570.39,10
ITM-101152,ORD-100393,PRD-0395,9,9767.64,0
ITM-101153,ORD-100393,PRD-0143,2,2732.83,5
ITM-101154,ORD-100394,PRD-0278,1,3299.98,10
ITM-101155,ORD-100394,PRD-0129,5,3062.76,0
ITM-101156,ORD-100394,PRD-0495,6,9743.47,5
ITM-101157,ORD-100395,PRD-0154,9,693.01,15
ITM-101158,ORD-100395,PRD-0283,6,3300.33,20
ITM-101159,ORD-100395,PRD-0146,2,1946.91,5
ITM-101160,ORD-100395,PRD-0569,4,8317.46,5
ITM-101161,ORD-100396,PRD-0428,4,1826.87,0
ITM-101162,ORD-100396,PRD-0608,10,39844.09,5
ITM-101163,ORD-100396,PRD-0116,7,327.72,0
ITM-101164,ORD-100396,PRD-0311,5,145.7,0
ITM-101165,ORD-100397,PRD-0347,3,725.17,10
ITM-101166,ORD-100397,PRD-0500,6,66892.03,5
ITM-101167,ORD-100398,PRD-0146,3,1946.91,5
ITM-101168,ORD-100398,PRD-0353,5,4831.16,20
ITM-101169,ORD-100398,PRD-0533,5,3960.99,20
ITM-101170,ORD-100399,PRD-0380,-3,3402.22,15
ITM-101171,ORD-100399,PRD-0526,7,3266.97,15
ITM-101172,ORD-100400,PRD-0295,-5,55944.68,15
ITM-101173,ORD-100400,PRD-0111,1,274.76,15
ITM-101174,ORD-100400,PRD-0560,4,11481.8,5
ITM-101175,ORD-100401,PRD-0218,3,961.72,0
ITM-101176,ORD-100401,PRD-0601,3,3836.81,0
ITM-101177,ORD-100402,PRD-0436,5,1455.76,5
ITM-101178,ORD-100402,PRD-0508,9,838.44,10
ITM-101179,ORD-100402,PRD-0394,10,7151.43,10
ITM-101180,ORD-100402,PRD-0368,2,1056.39,0
ITM-101181,ORD-100403,PRD-0307,9,75833.42,0
ITM-101182,ORD-100403,PRD-0610,3,70655.23,5
ITM-101183,ORD-100403,PRD-0137,8,3860.05,15
ITM-101184,ORD-100404,PRD-0215,1,25088.13,5
ITM-101185,ORD-100404,PRD-0498,2,3514.16,5
ITM-101186,ORD-100405,PRD-0170,7,4811.74,5
ITM-101187,ORD-100405,PRD-0480,3,6600.11,15
ITM-101188,ORD-100405,PRD-0553,1,725.98,20
ITM-101189,ORD-100405,PRD-0616,4,11361.23,5
ITM-101190,ORD-100406,PRD-0426,10,1622.8,0
ITM-101191,ORD-100406,PRD-0115,6,2024.61,5
ITM-101192,ORD-100406,PRD-0357,6,204.76,5
ITM-101193,ORD-100406,PRD-0574,1,9237.43,5
ITM-101194,ORD-100407,PRD-0490,5,452.79,5
ITM-101195,ORD-100407,PRD-0618,4,11394.39,0
ITM-101196,ORD-100407,PRD-0289,6,10861.07,5
ITM-101197,ORD-100408,PRD-0550,8,1610.08,0
ITM-101198,ORD-100408,PRD-0172,10,775.46,5
ITM-101199,ORD-100408,PRD-0395,3,9767.64,20
ITM-101200,ORD-100408,PRD-0247,6,1253.22,20
ITM-101201,ORD-100409,PRD-0215,7,25088.13,0
ITM-101202,ORD-100409,PRD-0118,3,42964.12,20
ITM-101203,ORD-100410,PRD-0430,1,25345.62,10
ITM-101204,ORD-100410,PRD-0247,4,1253.22,0
ITM-101205,ORD-100410,PRD-0107,1,10517.37,15
ITM-101206,ORD-100410,PRD-0160,10,8283.74,15
ITM-101209,ORD-100412,PRD-0496,10,606.56,10
ITM-101210,ORD-100412,PRD-0497,4,14274.86,15
ITM-101211,ORD-100412,PRD-0603,5,7549.24,20
ITM-101212,ORD-100412,PRD-0454,8,1033.99,15
ITM-101213,ORD-100413,PRD-0566,6,271.69,20
ITM-101214,ORD-100413,PRD-0330,5,26200.27,5
ITM-101215,ORD-100414,PRD-0279,5,13222.75,15
ITM-101216,ORD-100414,PRD-0265,1,32034.03,10
ITM-101217,ORD-100414,PRD-0543,3,151.27,10
ITM-101218,ORD-100414,PRD-0144,7,1400.48,15
ITM-101219,ORD-100415,PRD-0333,3,1936.54,15
ITM-101220,ORD-100415,PRD-0462,7,37050.46,5
ITM-101221,ORD-100415,PRD-0532,8,5880.51,15
ITM-101222,ORD-100415,PRD-0564,7,56471.01,15
ITM-101223,ORD-100416,PRD-0473,6,9095.62,10
ITM-101224,ORD-100416,PRD-0509,9,4046.04,5
ITM-101225,ORD-100416,PRD-0311,4,145.7,5
ITM-101226,ORD-100417,PRD-0296,4,692.42,20
ITM-101227,ORD-100417,PRD-0473,9,9095.62,15
ITM-101228,ORD-100417,PRD-0519,5,11439.17,10
ITM-101229,ORD-100417,PRD-0319,3,6650.72,15
ITM-101230,ORD-100418,PRD-0212,8,827.89,20
ITM-101231,ORD-100418,PRD-0408,7,19863.73,20
ITM-101232,ORD-100418,PRD-0153,4,232.06,5
ITM-101236,ORD-100420,PRD-0277,10,140.18,10
ITM-101237,ORD-100420,PRD-0260,10,19464.32,15
ITM-101238,ORD-100420,PRD-0303,-2,934.58,5
ITM-101239,ORD-100420,PRD-0425,4,5806.43,15
ITM-101240,ORD-100421,PRD-0234,6,1141.12,15
ITM-101241,ORD-100421,PRD-0137,2,3860.05,0
ITM-101242,ORD-100421,PRD-0188,1,66433.17,0
ITM-101243,ORD-100421,PRD-0155,2,1042.71,10
ITM-101244,ORD-100422,PRD-0466,3,223.38,5
ITM-101245,ORD-100422,PRD-0319,2,6650.72,10
ITM-101246,ORD-100422,PRD-0472,6,693.46,20
ITM-101247,ORD-100423,PRD-0558,6,1938.32,15
ITM-101248,ORD-100423,PRD-0280,5,7821.91,10
ITM-101249,ORD-100423,PRD-0204,3,313.59,20
ITM-101250,ORD-100423,PRD-0256,7,1268.88,5
ITM-101253,ORD-100425,PRD-0251,2,890.15,15
ITM-101254,ORD-100425,PRD-0141,7,78249.77,5
ITM-101255,ORD-100426,PRD-0489,-1,26710.42,15
ITM-101256,ORD-100426,PRD-0121,6,64501.14,20
ITM-101257,ORD-100426,PRD-0552,10,2624.67,20
ITM-101258,ORD-100427,PRD-0559,8,54485.43,0
ITM-101259,ORD-100427,PRD-0453,2,9315.74,10
ITM-101260,ORD-100428,PRD-0171,3,47805.29,5
ITM-101261,ORD-100428,PRD-0408,3,19863.73,15
ITM-101262,ORD-100428,PRD-0214,6,10001.3,5
ITM-101263,ORD-100429,PRD-0186,10,1177.27,10
ITM-101264,ORD-100429,PRD-0607,10,3000.05,0
ITM-101265,ORD-100429,PRD-0528,6,850.48,5
ITM-101266,ORD-100430,PRD-0297,-3,37817.06,20
ITM-101267,ORD-100430,PRD-0125,6,2787.09,15
ITM-101268,ORD-100430,PRD-0271,4,247.75,0
ITM-101269,ORD-100431,PRD-0414,8,28980.26,10
ITM-101270,ORD-100431,PRD-0544,1,1913.48,10
ITM-101271,ORD-100431,PRD-0380,2,3402.22,15
ITM-101272,ORD-100431,PRD-0441,1,1464.37,20
ITM-101273,ORD-100432,PRD-0111,1,274.76,20
ITM-101274,ORD-100432,PRD-0410,4,1236.57,15
ITM-101275,ORD-100433,PRD-0490,1,452.79,15
ITM-101276,ORD-100433,PRD-0377,6,14672.48,15
ITM-101277,ORD-100433,PRD-0476,7,6680.48,20
ITM-101278,ORD-100434,PRD-0451,6,949.91,5
ITM-101279,ORD-100434,PRD-0368,4,1056.39,20
ITM-101280,ORD-100434,PRD-0601,5,3836.81,10
ITM-101281,ORD-100435,PRD-0561,6,1961.36,0
ITM-101282,ORD-100435,PRD-0217,3,2998.83,0
ITM-101283,ORD-100436,PRD-0349,3,1405.99,0
ITM-101284,ORD-100436,PRD-0483,3,311.21,0
ITM-101285,ORD-100437,PRD-0343,2,1114.93,0
ITM-101286,ORD-100437,PRD-0110,6,12135.85,0
ITM-101287,ORD-100437,PRD-0173,10,3053.69,5
ITM-101288,ORD-100437,PRD-0572,2,19320.53,10
ITM-101289,ORD-100438,PRD-0225,3,907.3,0
ITM-101290,ORD-100438,PRD-0305,3,1304.23,0
ITM-101291,ORD-100438,PRD-0194,1,71969.03,0
ITM-101292,ORD-100438,PRD-0544,4,1913.48,5
ITM-101293,ORD-100439,PRD-0182,6,1084.96,15
ITM-101294,ORD-100439,PRD-0298,4,358.11,15
ITM-101295,ORD-100440,PRD-0608,3,39844.09,20
ITM-101296,ORD-100440,PRD-0581,10,12664.73,10
ITM-101297,ORD-100440,PRD-0163,3,330.49,15
ITM-101298,ORD-100440,PRD-0620,-1,4670.57,0
ITM-101299,ORD-100441,PRD-0303,3,934.58,10
ITM-101300,ORD-100441,PRD-0294,2,418.48,0
ITM-101301,ORD-100442,PRD-0292,4,4549.26,10
ITM-101302,ORD-100442,PRD-0267,10,3546.53,15
ITM-101303,ORD-100443,PRD-0523,5,4713.08,20
ITM-101304,ORD-100443,PRD-0324,-1,354.08,15
ITM-101305,ORD-100443,PRD-0454,9,1033.99,5
ITM-101306,ORD-100444,PRD-0358,3,9800.07,10
ITM-101307,ORD-100444,PRD-0167,2,2980.07,0
ITM-101308,ORD-100445,PRD-0453,10,9315.74,0
ITM-101309,ORD-100445,PRD-0541,8,25589.87,0
ITM-101310,ORD-100445,PRD-0113,6,10612.89,0
ITM-101311,ORD-100446,PRD-0471,2,1885.28,20
ITM-101312,ORD-100446,PRD-0369,8,300.36,10
ITM-101313,ORD-100446,PRD-0467,6,47315.27,15
ITM-101314,ORD-100446,PRD-0612,8,15975.1,10
ITM-101315,ORD-100447,PRD-0295,10,55944.68,5
ITM-101316,ORD-100447,PRD-0275,6,19887.14,0
ITM-101317,ORD-100447,PRD-0520,8,11418.79,15
ITM-101318,ORD-100448,PRD-0513,8,2356.73,15
ITM-101319,ORD-100448,PRD-0564,3,56471.01,5
ITM-101320,ORD-100448,PRD-0495,1,9743.47,15
ITM-101321,ORD-100449,PRD-0425,3,5806.43,15
ITM-101322,ORD-100449,PRD-0510,1,450.46,10
ITM-101323,ORD-100450,PRD-0277,10,140.18,5
ITM-101324,ORD-100450,PRD-0289,-2,10861.07,5
ITM-101325,ORD-100450,PRD-0117,8,10572.03,15
ITM-101326,ORD-100451,PRD-0378,4,111.34,10
ITM-101327,ORD-100451,PRD-0123,7,6025.13,15
ITM-101334,ORD-100454,PRD-0245,9,12823.7,5
ITM-101335,ORD-100454,PRD-0607,7,3000.05,5
ITM-101336,ORD-100454,PRD-0603,5,7549.24,0
ITM-101337,ORD-100455,PRD-0263,5,11700.21,10
ITM-101338,ORD-100455,PRD-0540,2,23828.68,20
ITM-101339,ORD-100455,PRD-0233,5,12483.95,20
ITM-101340,ORD-100455,PRD-0450,3,35727.48,10
ITM-101341,ORD-100456,PRD-0585,1,9274.26,0
ITM-101342,ORD-100456,PRD-0558,7,1938.32,10
ITM-101343,ORD-100456,PRD-0353,6,4831.16,5
ITM-101344,ORD-100457,PRD-0340,8,4676.73,10
ITM-101345,ORD-100457,PRD-0388,6,14448.97,20
ITM-101346,ORD-100457,PRD-0440,3,8675.39,5
ITM-101347,ORD-100457,PRD-0430,4,25345.62,20
ITM-101348,ORD-100458,PRD-0343,8,1114.93,5
ITM-101349,ORD-100458,PRD-0582,6,1748.77,0
ITM-101350,ORD-100458,PRD-0198,3,4885.79,15
ITM-101351,ORD-100458,PRD-0430,9,25345.62,0
ITM-101352,ORD-100459,PRD-0574,5,9237.43,20
ITM-101353,ORD-100459,PRD-0169,7,1387.14,15
ITM-101354,ORD-100459,PRD-0298,3,358.11,10
ITM-101355,ORD-100460,PRD-0161,4,13721.73,15
ITM-101356,ORD-100460,PRD-0329,6,151.38,0
ITM-101357,ORD-100460,PRD-0465,8,64205.11,20
ITM-101362,ORD-100462,PRD-0300,9,6389.53,20
ITM-101363,ORD-100462,PRD-0390,7,612.09,5
ITM-101364,ORD-100462,PRD-0534,5,455.11,0
ITM-101365,ORD-100462,PRD-0368,3,1056.39,5
ITM-101366,ORD-100463,PRD-0126,7,659.16,0
ITM-101367,ORD-100463,PRD-0181,8,1567.94,10
ITM-101368,ORD-100463,PRD-0252,7,11288.11,15
ITM-101369,ORD-100464,PRD-0261,8,889.56,20
ITM-101370,ORD-100464,PRD-0422,5,786.38,0
ITM-101371,ORD-100464,PRD-0567,4,71944.98,10
ITM-101372,ORD-100464,PRD-0565,3,1570.77,10
ITM-101373,ORD-100465,PRD-0232,1,64212.62,10
ITM-101374,ORD-100465,PRD-0227,6,70947.88,0
ITM-101375,ORD-100465,PRD-0589,3,75909.47,10
ITM-101376,ORD-100465,PRD-0423,9,1358.97,15
ITM-101377,ORD-100466,PRD-0545,7,10395.76,10
ITM-101378,ORD-100466,PRD-0283,10,3300.33,10
ITM-101379,ORD-100467,PRD-0390,10,612.09,10
ITM-101380,ORD-100467,PRD-0141,1,78249.77,20
ITM-101381,ORD-100468,PRD-0236,2,3875.91,15
ITM-101382,ORD-100468,PRD-0170,3,4811.74,5
ITM-101383,ORD-100468,PRD-0205,3,1775.66,20
ITM-101384,ORD-100468,PRD-0341,6,6320.03,0
ITM-101385,ORD-100469,PRD-0447,7,577.25,0
ITM-101386,ORD-100469,PRD-0452,8,401.8,0
ITM-101387,ORD-100469,PRD-0511,1,876.36,20
ITM-101388,ORD-100470,PRD-0527,3,255.2,15
ITM-101389,ORD-100470,PRD-0192,8,3364.24,5
ITM-101390,ORD-100470,PRD-0263,5,11700.21,0
ITM-101391,ORD-100470,PRD-0333,1,1936.54,5
ITM-101392,ORD-100471,PRD-0125,4,2787.09,0
ITM-101393,ORD-100471,PRD-0591,1,23528.9,0
ITM-101394,ORD-100471,PRD-0325,3,1456.68,5
ITM-101395,ORD-100471,PRD-0241,6,2191.37,20
ITM-101396,ORD-100472,PRD-0497,1,14274.86,15
ITM-101397,ORD-100472,PRD-0397,1,75727.79,15
ITM-101398,ORD-100472,PRD-0525,2,784.87,20
ITM-101399,ORD-100473,PRD-0305,1,1304.23,20
ITM-101400,ORD-100473,PRD-0314,-2,750.93,5
ITM-101401,ORD-100474,PRD-0108,2,3347.41,10
ITM-101402,ORD-100474,PRD-0477,3,983.94,20
ITM-101403,ORD-100474,PRD-0507,3,1177.21,5
ITM-101404,ORD-100475,PRD-0108,5,3347.41,20
ITM-101405,ORD-100475,PRD-0373,6,9638.24,20
ITM-101406,ORD-100475,PRD-0498,-3,3514.16,5
ITM-101407,ORD-100475,PRD-0363,4,55673.09,10
ITM-101408,ORD-100476,PRD-0367,2,1040.33,15
ITM-101409,ORD-100476,PRD-0393,1,12362.9,15
ITM-101410,ORD-100476,PRD-0557,9,276.72,20
ITM-101411,ORD-100477,PRD-0310,2,32977.15,5
ITM-101412,ORD-100477,PRD-0143,2,2732.83,15
ITM-101413,ORD-100477,PRD-0311,10,145.7,5
ITM-101414,ORD-100478,PRD-0406,10,4246.84,5
ITM-101415,ORD-100478,PRD-0411,8,3916.97,10
ITM-101416,ORD-100478,PRD-0156,10,58392.98,5
ITM-101417,ORD-100478,PRD-0359,9,14318.97,5
ITM-101418,ORD-100479,PRD-0418,4,62352.35,0
ITM-101419,ORD-100479,PRD-0286,4,3387.01,10
ITM-101420,ORD-100480,PRD-0498,8,3514.16,10
ITM-101421,ORD-100480,PRD-0501,3,47981.09,20
ITM-101422,ORD-100480,PRD-0604,9,1330.71,15
ITM-101423,ORD-100481,PRD-0393,2,12362.9,5
ITM-101424,ORD-100481,PRD-0210,1,9152.2,0
ITM-101425,ORD-100481,PRD-0152,5,1198.47,0
ITM-101426,ORD-100481,PRD-0101,8,19968.9,10
ITM-101427,ORD-100482,PRD-0264,1,718.87,0
ITM-101428,ORD-100482,PRD-0477,4,983.94,5
ITM-101429,ORD-100482,PRD-0534,2,455.11,10
ITM-101430,ORD-100483,PRD-0528,5,850.48,0
ITM-101431,ORD-100483,PRD-0136,5,48913.13,0
ITM-101432,ORD-100483,PRD-0246,8,1146.52,10
ITM-101433,ORD-100484,PRD-0224,8,10141.02,0
ITM-101434,ORD-100484,PRD-0279,2,13222.75,0
ITM-101435,ORD-100485,PRD-0341,10,6320.03,15
ITM-101436,ORD-100485,PRD-0380,1,3402.22,10
ITM-101437,ORD-100486,PRD-0592,3,12099.62,0
ITM-101438,ORD-100486,PRD-0321,7,76971.93,0
ITM-101439,ORD-100486,PRD-0487,1,1989.69,0
ITM-101440,ORD-100486,PRD-0610,8,70655.23,15
ITM-101441,ORD-100487,PRD-0280,10,7821.91,0
ITM-101442,ORD-100487,PRD-0146,5,1946.91,0
ITM-101443,ORD-100487,PRD-0389,4,4328.67,15
ITM-101444,ORD-100488,PRD-0125,4,2787.09,10
ITM-101445,ORD-100488,PRD-0341,1,6320.03,15
ITM-101446,ORD-100488,PRD-0146,7,1946.91,20
ITM-101447,ORD-100489,PRD-0601,1,3836.81,5
ITM-101448,ORD-100489,PRD-0394,2,7151.43,10
ITM-101449,ORD-100489,PRD-0477,8,983.94,15
ITM-101450,ORD-100489,PRD-0268,6,11973.97,10
ITM-101451,ORD-100490,PRD-0250,6,2763.79,10
ITM-101452,ORD-100490,PRD-0517,10,14918.7,5
ITM-101453,ORD-100490,PRD-0512,8,23162.51,10
ITM-101454,ORD-100490,PRD-0456,3,24462.84,10
ITM-101455,ORD-100491,PRD-0607,7,3000.05,20
ITM-101456,ORD-100491,PRD-0469,2,3939.77,15
ITM-101457,ORD-100491,PRD-0360,6,150.26,5
ITM-101458,ORD-100491,PRD-0468,8,59791.48,0
ITM-101459,ORD-100492,PRD-0269,6,34556.05,0
ITM-101460,ORD-100492,PRD-0619,-1,2361.77,5
ITM-101461,ORD-100492,PRD-0450,3,35727.48,20
ITM-101462,ORD-100492,PRD-0243,7,2069.49,5
ITM-101463,ORD-100493,PRD-0530,9,19624.86,0
ITM-101464,ORD-100493,PRD-0143,2,2732.83,20
ITM-101465,ORD-100494,PRD-0105,9,57423.56,10
ITM-101466,ORD-100494,PRD-0269,6,34556.05,5
ITM-101467,ORD-100494,PRD-0601,6,3836.81,0
ITM-101468,ORD-100494,PRD-0483,7,311.21,20
ITM-101469,ORD-100495,PRD-0503,10,409.72,5
ITM-101470,ORD-100495,PRD-0460,2,2881.87,15
ITM-101471,ORD-100495,PRD-0332,3,33353.18,15
ITM-101472,ORD-100495,PRD-0293,9,360.1,0
ITM-101473,ORD-100496,PRD-0608,2,39844.09,5
ITM-101474,ORD-100496,PRD-0414,7,28980.26,5
ITM-101475,ORD-100497,PRD-0315,2,4560.37,20
ITM-101476,ORD-100497,PRD-0296,1,692.42,0
ITM-101477,ORD-100497,PRD-0132,2,60194.79,10
ITM-101478,ORD-100498,PRD-0291,2,1114.42,0
ITM-101479,ORD-100498,PRD-0360,2,150.26,15
ITM-101480,ORD-100499,PRD-0467,1,47315.27,15
ITM-101481,ORD-100499,PRD-0408,7,19863.73,10
ITM-101482,ORD-100499,PRD-0484,5,64971.86,5
ITM-101486,ORD-100501,PRD-0362,7,60949.39,15
ITM-101487,ORD-100501,PRD-0201,10,68758.16,15
ITM-101488,ORD-100502,PRD-0460,1,2881.87,15
ITM-101489,ORD-100502,PRD-0490,8,452.79,0
ITM-101490,ORD-100502,PRD-0189,5,61803.98,15
ITM-101492,ORD-100503,PRD-0197,7,1149.27,15
ITM-101493,ORD-100503,PRD-0446,10,17603.06,0
ITM-101494,ORD-100503,PRD-0581,6,12664.73,0
ITM-101495,ORD-100503,PRD-0418,8,62352.35,20
ITM-101496,ORD-100504,PRD-0521,1,961.49,0
ITM-101497,ORD-100504,PRD-0232,1,64212.62,20
ITM-101498,ORD-100505,PRD-0556,9,885.34,0
ITM-101499,ORD-100505,PRD-0286,5,3387.01,15
ITM-101500,ORD-100505,PRD-0498,1,3514.16,20
ITM-101501,ORD-100505,PRD-0360,2,150.26,20
ITM-101502,ORD-100506,PRD-0603,8,7549.24,5
ITM-101503,ORD-100506,PRD-0401,1,3343.63,5
ITM-101504,ORD-100506,PRD-0398,6,1593.3,20
ITM-101505,ORD-100506,PRD-0537,3,12230.61,0
ITM-101506,ORD-100507,PRD-0304,8,2025.81,15
ITM-101507,ORD-100507,PRD-0356,7,1111.42,0
ITM-101508,ORD-100508,PRD-0281,-1,1358.51,15
ITM-101509,ORD-100508,PRD-0410,-3,1236.57,5
ITM-101510,ORD-100508,PRD-0449,8,13014.09,20
ITM-101511,ORD-100508,PRD-0335,2,2836.25,15
ITM-101512,ORD-100509,PRD-0269,3,34556.05,5
ITM-101513,ORD-100509,PRD-0125,8,2787.09,15
ITM-101514,ORD-100510,PRD-0541,9,25589.87,0
ITM-101515,ORD-100510,PRD-0478,2,5376.34,20
ITM-101516,ORD-100510,PRD-0529,-2,1598.11,15
ITM-101517,ORD-100511,PRD-0547,7,1463.21,20
ITM-101518,ORD-100511,PRD-0169,2,1387.14,0
ITM-101519,ORD-100511,PRD-0370,8,743.4,10
ITM-101520,ORD-100512,PRD-0620,3,4670.57,5
ITM-101521,ORD-100512,PRD-0224,-2,10141.02,0
ITM-101522,ORD-100512,PRD-0189,3,61803.98,20
ITM-101523,ORD-100513,PRD-0302,9,1909.01,15
ITM-101524,ORD-100513,PRD-0483,5,311.21,20
ITM-101525,ORD-100513,PRD-0590,3,9328.91,0
ITM-101526,ORD-100513,PRD-0524,9,1186.64,0
ITM-101527,ORD-100514,PRD-0338,3,7910.13,5
ITM-101528,ORD-100514,PRD-0408,7,19863.73,5
ITM-101529,ORD-100515,PRD-0481,9,31066.36,0
ITM-101530,ORD-100515,PRD-0113,9,10612.89,0
ITM-101531,ORD-100516,PRD-0373,9,9638.24,20
ITM-101532,ORD-100516,PRD-0110,3,12135.85,10
ITM-101533,ORD-100516,PRD-0428,8,1826.87,5
ITM-101534,ORD-100516,PRD-0319,8,6650.72,5
ITM-101535,ORD-100517,PRD-0591,2,23528.9,5
ITM-101536,ORD-100517,PRD-0277,9,140.18,15
ITM-101537,ORD-100517,PRD-0173,3,3053.69,5
ITM-101538,ORD-100518,PRD-0249,8,12631.51,0
ITM-101539,ORD-100518,PRD-0175,3,3694.49,20
ITM-101540,ORD-100518,PRD-0353,6,4831.16,15
ITM-101541,ORD-100518,PRD-0331,7,1254.9,10
ITM-101544,ORD-100520,PRD-0483,8,311.21,15
ITM-101545,ORD-100520,PRD-0331,8,1254.9,5
ITM-101546,ORD-100520,PRD-0517,4,14918.7,5
ITM-101547,ORD-100520,PRD-0395,2,9767.64,15
ITM-101548,ORD-100521,PRD-0132,2,60194.79,15
ITM-101549,ORD-100521,PRD-0187,1,3879.15,5
ITM-101550,ORD-100521,PRD-0479,7,36427.15,10
ITM-101551,ORD-100522,PRD-0576,5,675.11,10
ITM-101552,ORD-100522,PRD-0435,8,5400.93,10
ITM-101553,ORD-100522,PRD-0600,10,664.7,15
ITM-101554,ORD-100523,PRD-0241,6,2191.37,15
ITM-101555,ORD-100523,PRD-0194,6,71969.03,15
ITM-101556,ORD-100523,PRD-0165,5,692.21,10
ITM-101557,ORD-100523,PRD-0378,10,111.34,10
ITM-101558,ORD-100524,PRD-0334,6,1163.99,10
ITM-101559,ORD-100524,PRD-0346,4,10931.86,20
ITM-101560,ORD-100524,PRD-0457,4,3867.97,10
ITM-101561,ORD-100524,PRD-0444,7,2918.34,20
ITM-101565,ORD-100526,PRD-0429,8,682.39,5
ITM-101566,ORD-100526,PRD-0278,5,3299.98,0
ITM-101567,ORD-100526,PRD-0353,10,4831.16,5
ITM-101568,ORD-100526,PRD-0446,8,17603.06,5
ITM-101569,ORD-100527,PRD-0352,8,640.51,15
ITM-101570,ORD-100527,PRD-0378,8,111.34,20
ITM-101571,ORD-100527,PRD-0450,5,35727.48,5
ITM-101572,ORD-100528,PRD-0174,2,25651.4,10
ITM-101573,ORD-100528,PRD-0486,7,833.7,20
ITM-101574,ORD-100528,PRD-0104,4,40675.75,0
ITM-101575,ORD-100528,PRD-0361,8,79795.36,15
ITM-101576,ORD-100529,PRD-0384,10,13657.97,20
ITM-101577,ORD-100529,PRD-0531,-2,1030.12,5
ITM-101578,ORD-100529,PRD-0153,8,232.06,15
ITM-101579,ORD-100529,PRD-0211,7,20750.44,15
ITM-101580,ORD-100530,PRD-0421,3,67860.23,0
ITM-101581,ORD-100530,PRD-0286,6,3387.01,0
ITM-101582,ORD-100530,PRD-0156,2,58392.98,0
ITM-101583,ORD-100531,PRD-0211,9,20750.44,20
ITM-101584,ORD-100531,PRD-0375,2,12822.03,5
ITM-101585,ORD-100531,PRD-0534,1,455.11,5
ITM-101586,ORD-100532,PRD-0162,2,399.25,0
ITM-101587,ORD-100532,PRD-0446,5,17603.06,20
ITM-101588,ORD-100532,PRD-0392,4,53989.86,15
ITM-101589,ORD-100532,PRD-0337,10,1691.6,5
ITM-101590,ORD-100533,PRD-0374,6,739.57,20
ITM-101591,ORD-100533,PRD-0343,1,1114.93,5
ITM-101592,ORD-100533,PRD-0425,3,5806.43,5
ITM-101593,ORD-100533,PRD-0493,9,933.06,5
ITM-101594,ORD-100534,PRD-0118,2,42964.12,5
ITM-101595,ORD-100534,PRD-0377,2,14672.48,15
ITM-101596,ORD-100534,PRD-0198,7,4885.79,5
ITM-101597,ORD-100534,PRD-0327,8,5047.58,5
ITM-101598,ORD-100535,PRD-0270,4,337.88,5
ITM-101599,ORD-100535,PRD-0387,1,11236.41,0
ITM-101600,ORD-100535,PRD-0345,7,1407.95,10
ITM-101601,ORD-100535,PRD-0496,4,606.56,15
ITM-101602,ORD-100536,PRD-0203,7,527.27,0
ITM-101603,ORD-100536,PRD-0555,3,29383.23,15
ITM-101604,ORD-100537,PRD-0494,7,30446.0,20
ITM-101605,ORD-100537,PRD-0124,5,470.83,20
ITM-101606,ORD-100537,PRD-0311,7,145.7,15
ITM-101607,ORD-100537,PRD-0451,1,949.91,10
ITM-101608,ORD-100538,PRD-0620,7,4670.57,20
ITM-101609,ORD-100538,PRD-0553,4,725.98,20
ITM-101610,ORD-100538,PRD-0482,2,26061.38,5
ITM-101611,ORD-100539,PRD-0487,7,1989.69,5
ITM-101612,ORD-100539,PRD-0313,6,3981.57,5
ITM-101613,ORD-100539,PRD-0462,5,37050.46,15
ITM-101614,ORD-100539,PRD-0355,4,1630.72,10
ITM-101615,ORD-100540,PRD-0581,10,12664.73,0
ITM-101616,ORD-100540,PRD-0350,8,2944.63,0
ITM-101617,ORD-100540,PRD-0123,10,6025.13,15
ITM-101618,ORD-100541,PRD-0469,1,3939.77,15
ITM-101619,ORD-100541,PRD-0603,8,7549.24,15
ITM-101620,ORD-100541,PRD-0535,7,27911.8,0
ITM-101621,ORD-100542,PRD-0457,5,3867.97,5
ITM-101622,ORD-100542,PRD-0476,8,6680.48,10
ITM-101623,ORD-100542,PRD-0262,4,3557.43,5
ITM-101624,ORD-100543,PRD-0301,7,64985.8,0
ITM-101625,ORD-100543,PRD-0474,4,37384.27,0
ITM-101626,ORD-100543,PRD-0193,2,6532.33,5
ITM-101627,ORD-100543,PRD-0152,-4,1198.47,10
ITM-101628,ORD-100544,PRD-0362,3,60949.39,15
ITM-101629,ORD-100544,PRD-0401,7,3343.63,5
ITM-101630,ORD-100544,PRD-0386,4,12482.52,5
ITM-101631,ORD-100544,PRD-0520,3,11418.79,10
ITM-101632,ORD-100545,PRD-0169,2,1387.14,5
ITM-101633,ORD-100545,PRD-0154,3,693.01,20
ITM-101634,ORD-100545,PRD-0396,8,1008.94,20
ITM-101635,ORD-100545,PRD-0534,-5,455.11,5
ITM-101636,ORD-100546,PRD-0301,2,64985.8,20
ITM-101637,ORD-100546,PRD-0169,5,1387.14,0
ITM-101638,ORD-100547,PRD-0228,9,2573.01,15
ITM-101639,ORD-100547,PRD-0478,3,5376.34,5
ITM-101640,ORD-100548,PRD-0292,1,4549.26,5
ITM-101641,ORD-100548,PRD-0434,5,8859.01,5
ITM-101642,ORD-100548,PRD-0122,9,192.66,20
ITM-101643,ORD-100548,PRD-0159,3,13136.12,15
ITM-101644,ORD-100549,PRD-0150,3,41375.41,15
ITM-101645,ORD-100549,PRD-0236,10,3875.91,5
ITM-101646,ORD-100550,PRD-0386,4,12482.52,15
ITM-101647,ORD-100550,PRD-0566,2,271.69,5
ITM-101648,ORD-100550,PRD-0355,10,1630.72,5
ITM-101649,ORD-100551,PRD-0169,3,1387.14,15
ITM-101650,ORD-100551,PRD-0101,8,19968.9,10
ITM-101651,ORD-100552,PRD-0602,9,4682.01,15
ITM-101652,ORD-100552,PRD-0514,8,640.23,20
ITM-101653,ORD-100552,PRD-0463,10,46085.27,20
ITM-101654,ORD-100552,PRD-0515,9,4446.22,10
ITM-101655,ORD-100553,PRD-0271,8,247.75,20
ITM-101656,ORD-100553,PRD-0230,4,17897.87,0
ITM-101657,ORD-100553,PRD-0176,6,1040.37,20
ITM-101658,ORD-100554,PRD-0219,7,4662.54,20
ITM-101659,ORD-100554,PRD-0492,5,1689.11,15
ITM-101660,ORD-100554,PRD-0483,6,311.21,0
ITM-101661,ORD-100555,PRD-0304,4,2025.81,0
ITM-101662,ORD-100555,PRD-0546,8,11188.12,5
ITM-101663,ORD-100555,PRD-0244,7,38419.89,10
ITM-101664,ORD-100556,PRD-0246,4,1146.52,0
ITM-101665,ORD-100556,PRD-0550,8,1610.08,10
ITM-101667,ORD-100557,PRD-0310,3,32977.15,15
ITM-101668,ORD-100557,PRD-0526,4,3266.97,0
ITM-101669,ORD-100558,PRD-0204,6,313.59,10
ITM-101670,ORD-100558,PRD-0155,8,1042.71,10
ITM-101671,ORD-100559,PRD-0544,10,1913.48,0
ITM-101672,ORD-100559,PRD-0402,9,671.36,10
ITM-101673,ORD-100559,PRD-0589,8,75909.47,0
ITM-101674,ORD-100560,PRD-0461,4,12947.2,10
ITM-101675,ORD-100560,PRD-0418,3,62352.35,20
ITM-101676,ORD-100561,PRD-0204,9,313.59,5
ITM-101677,ORD-100561,PRD-0377,1,14672.48,0
ITM-101678,ORD-100562,PRD-0324,6,354.08,20
ITM-101679,ORD-100562,PRD-0125,7,2787.09,15
ITM-101680,ORD-100562,PRD-0443,8,5362.7,20
ITM-101681,ORD-100562,PRD-0456,6,24462.84,20
ITM-101682,ORD-100563,PRD-0477,9,983.94,0
ITM-101683,ORD-100563,PRD-0227,8,70947.88,15
ITM-101684,ORD-100563,PRD-0544,1,1913.48,20
ITM-101685,ORD-100564,PRD-0619,3,2361.77,0
ITM-101686,ORD-100564,PRD-0487,8,1989.69,10
ITM-101687,ORD-100564,PRD-0374,3,739.57,5
ITM-101688,ORD-100564,PRD-0302,10,1909.01,0
ITM-101689,ORD-100565,PRD-0383,4,3152.48,15
ITM-101690,ORD-100565,PRD-0143,5,2732.83,0
ITM-101691,ORD-100565,PRD-0113,-4,10612.89,5
ITM-101692,ORD-100566,PRD-0299,3,9569.93,15
ITM-101693,ORD-100566,PRD-0538,10,4907.93,20
ITM-101694,ORD-100566,PRD-0362,1,60949.39,5
ITM-101696,ORD-100567,PRD-0595,4,576.27,0
ITM-101697,ORD-100568,PRD-0270,2,337.88,15
ITM-101698,ORD-100568,PRD-0182,6,1084.96,15
ITM-101699,ORD-100568,PRD-0482,5,26061.38,15
ITM-101700,ORD-100569,PRD-0439,9,1880.55,10
ITM-101701,ORD-100569,PRD-0260,9,19464.32,20
ITM-101702,ORD-100569,PRD-0386,-4,12482.52,20
ITM-101703,ORD-100569,PRD-0332,7,33353.18,0
ITM-101704,ORD-100570,PRD-0379,9,66710.69,10
ITM-101705,ORD-100570,PRD-0408,7,19863.73,15
ITM-101706,ORD-100570,PRD-0153,5,232.06,20
ITM-101707,ORD-100571,PRD-0210,9,9152.2,5
ITM-101708,ORD-100571,PRD-0329,4,151.38,5
ITM-101709,ORD-100571,PRD-0576,2,675.11,5
ITM-101710,ORD-100572,PRD-0618,7,11394.39,10
ITM-101711,ORD-100572,PRD-0510,10,450.46,15
ITM-101712,ORD-100572,PRD-0440,2,8675.39,10
ITM-101713,ORD-100572,PRD-0349,10,1405.99,5
ITM-101714,ORD-100573,PRD-0168,1,4486.32,10
ITM-101715,ORD-100573,PRD-0547,7,1463.21,15
ITM-101716,ORD-100573,PRD-0258,8,52186.46,15
ITM-101717,ORD-100574,PRD-0442,2,2801.78,10
ITM-101718,ORD-100574,PRD-0416,8,451.52,5
ITM-101722,ORD-100576,PRD-0445,10,298.62,5
ITM-101723,ORD-100576,PRD-0435,7,5400.93,20
ITM-101724,ORD-100577,PRD-0204,2,313.59,0
ITM-101725,ORD-100577,PRD-0109,9,5791.92,5
ITM-101726,ORD-100578,PRD-0605,3,226.07,0
ITM-101727,ORD-100578,PRD-0153,8,232.06,0
ITM-101728,ORD-100578,PRD-0282,3,877.25,0
ITM-101729,ORD-100579,PRD-0476,10,6680.48,10
ITM-101730,ORD-100579,PRD-0190,3,8342.45,0
ITM-101731,ORD-100579,PRD-0418,2,62352.35,10
ITM-101732,ORD-100580,PRD-0185,10,22151.68,0
ITM-101733,ORD-100580,PRD-0101,3,19968.9,5
ITM-101734,ORD-100581,PRD-0603,5,7549.24,0
ITM-101735,ORD-100581,PRD-0399,9,2377.49,20
ITM-101736,ORD-100581,PRD-0174,5,25651.4,20
ITM-101737,ORD-100582,PRD-0167,10,2980.07,15
ITM-101738,ORD-100582,PRD-0367,9,1040.33,5
ITM-101741,ORD-100584,PRD-0267,8,3546.53,15
ITM-101742,ORD-100584,PRD-0468,5,59791.48,20
ITM-101743,ORD-100584,PRD-0401,7,3343.63,15
ITM-101744,ORD-100585,PRD-0417,4,259.11,10
ITM-101745,ORD-100585,PRD-0347,3,725.17,15
ITM-101746,ORD-100586,PRD-0259,2,16349.17,0
ITM-101747,ORD-100586,PRD-0161,2,13721.73,20
ITM-101748,ORD-100586,PRD-0252,8,11288.11,0
ITM-101749,ORD-100586,PRD-0230,2,17897.87,5
ITM-101750,ORD-100587,PRD-0441,10,1464.37,10
ITM-101751,ORD-100587,PRD-0345,7,1407.95,15
ITM-101752,ORD-100587,PRD-0520,9,11418.79,0
ITM-101753,ORD-100588,PRD-0410,8,1236.57,5
ITM-101754,ORD-100588,PRD-0135,3,7689.07,10
ITM-101755,ORD-100588,PRD-0501,6,47981.09,5
ITM-101756,ORD-100588,PRD-0168,1,4486.32,0
ITM-101760,ORD-100590,PRD-0533,10,3960.99,10
ITM-101761,ORD-100590,PRD-0289,3,10861.07,0
ITM-101762,ORD-100590,PRD-0357,2,204.76,15
ITM-101763,ORD-100590,PRD-0599,3,474.46,10
ITM-101764,ORD-100591,PRD-0244,9,38419.89,5
ITM-101765,ORD-100591,PRD-0608,4,39844.09,10
ITM-101766,ORD-100592,PRD-0285,1,32649.89,15
ITM-101767,ORD-100592,PRD-0110,6,12135.85,10
ITM-101768,ORD-100592,PRD-0482,1,26061.38,10
ITM-101769,ORD-100592,PRD-0208,9,14696.14,15
ITM-101770,ORD-100593,PRD-0317,6,6671.43,5
ITM-101771,ORD-100593,PRD-0618,9,11394.39,10
ITM-101772,ORD-100594,PRD-0302,1,1909.01,15
ITM-101773,ORD-100594,PRD-0566,9,271.69,20
ITM-101774,ORD-100594,PRD-0398,8,1593.3,20
ITM-101775,ORD-100595,PRD-0392,1,53989.86,10
ITM-101776,ORD-100595,PRD-0518,2,4882.47,20
ITM-101777,ORD-100596,PRD-0528,10,850.48,15
ITM-101778,ORD-100596,PRD-0337,10,1691.6,10
ITM-101779,ORD-100596,PRD-0329,5,151.38,15
ITM-101780,ORD-100597,PRD-0140,10,4745.36,5
ITM-101781,ORD-100597,PRD-0361,5,79795.36,15
ITM-101782,ORD-100597,PRD-0105,4,57423.56,20
ITM-101783,ORD-100598,PRD-0328,4,1027.62,15
ITM-101784,ORD-100598,PRD-0507,7,1177.21,0
ITM-101785,ORD-100599,PRD-0178,9,49882.16,10
ITM-101786,ORD-100599,PRD-0527,9,255.2,0
ITM-101787,ORD-100600,PRD-0414,1,28980.26,20
ITM-101788,ORD-100600,PRD-0609,4,851.37,20
ITM-101789,ORD-100600,PRD-0395,4,9767.64,0
ITM-101790,ORD-100600,PRD-0499,6,570.39,20
ITM-101791,ORD-100601,PRD-0306,7,896.08,0
ITM-101792,ORD-100601,PRD-0182,4,1084.96,10
ITM-101793,ORD-100602,PRD-0122,3,192.66,0
ITM-101794,ORD-100602,PRD-0365,5,6545.7,5
ITM-101795,ORD-100602,PRD-0364,3,63793.41,15
ITM-101796,ORD-100603,PRD-0309,6,14318.18,5
ITM-101797,ORD-100603,PRD-0200,5,4112.06,10
ITM-101798,ORD-100603,PRD-0171,3,47805.29,0
ITM-101799,ORD-100604,PRD-0104,2,40675.75,5
ITM-101800,ORD-100604,PRD-0377,2,14672.48,5
ITM-101801,ORD-100605,PRD-0446,9,17603.06,0
ITM-101802,ORD-100605,PRD-0577,2,203.25,20
ITM-101803,ORD-100605,PRD-0593,5,734.96,20
ITM-101804,ORD-100606,PRD-0465,6,64205.11,0
ITM-101805,ORD-100606,PRD-0281,4,1358.51,15
ITM-101806,ORD-100607,PRD-0357,10,204.76,0
ITM-101807,ORD-100607,PRD-0189,3,61803.98,0
ITM-101808,ORD-100607,PRD-0250,3,2763.79,10
ITM-101809,ORD-100607,PRD-0299,6,9569.93,15
ITM-101810,ORD-100608,PRD-0449,7,13014.09,15
ITM-101811,ORD-100608,PRD-0207,7,563.61,20
ITM-101812,ORD-100609,PRD-0272,10,6616.98,5
ITM-101813,ORD-100609,PRD-0596,2,4335.13,20
ITM-101814,ORD-100610,PRD-0333,9,1936.54,15
ITM-101815,ORD-100610,PRD-0569,6,8317.46,15
ITM-101816,ORD-100610,PRD-0478,1,5376.34,5
ITM-101817,ORD-100610,PRD-0138,4,39344.15,15
ITM-101819,ORD-100611,PRD-0447,1,577.25,15
ITM-101820,ORD-100612,PRD-0575,3,32153.72,0
ITM-101821,ORD-100612,PRD-0199,9,318.97,20
ITM-101822,ORD-100612,PRD-0220,3,3971.64,20
ITM-101823,ORD-100613,PRD-0607,9,3000.05,20
ITM-101824,ORD-100613,PRD-0449,10,13014.09,0
ITM-101825,ORD-100613,PRD-0134,4,1435.34,10
ITM-101826,ORD-100614,PRD-0536,1,11106.06,10
ITM-101827,ORD-100614,PRD-0210,5,9152.2,0
ITM-101828,ORD-100614,PRD-0241,7,2191.37,10
ITM-101829,ORD-100615,PRD-0388,7,14448.97,10
ITM-101830,ORD-100615,PRD-0177,-5,13945.92,20
ITM-101831,ORD-100616,PRD-0611,5,821.85,10
ITM-101832,ORD-100616,PRD-0517,1,14918.7,0
ITM-101833,ORD-100617,PRD-0436,2,1455.76,5
ITM-101834,ORD-100617,PRD-0241,10,2191.37,20
ITM-101835,ORD-100617,PRD-0203,2,527.27,10
ITM-101836,ORD-100618,PRD-0371,6,54370.07,10
ITM-101837,ORD-100618,PRD-0227,10,70947.88,5
ITM-101838,ORD-100619,PRD-0181,1,1567.94,5
ITM-101839,ORD-100619,PRD-0384,9,13657.97,10
ITM-101840,ORD-100620,PRD-0182,10,1084.96,20
ITM-101841,ORD-100620,PRD-0405,5,72184.85,20
ITM-101842,ORD-100620,PRD-0203,1,527.27,15
ITM-101843,ORD-100620,PRD-0420,2,36914.38,15
ITM-101844,ORD-100621,PRD-0442,1,2801.78,10
ITM-101845,ORD-100621,PRD-0241,2,2191.37,0
ITM-101846,ORD-100621,PRD-0105,8,57423.56,0
ITM-101847,ORD-100621,PRD-0144,6,1400.48,15
ITM-101848,ORD-100622,PRD-0210,3,9152.2,10
ITM-101849,ORD-100622,PRD-0354,6,4833.7,0
ITM-101850,ORD-100622,PRD-0273,10,7053.38,5
ITM-101851,ORD-100623,PRD-0207,8,563.61,0
ITM-101852,ORD-100623,PRD-0324,3,354.08,5
ITM-101853,ORD-100623,PRD-0345,1,1407.95,15
ITM-101854,ORD-100623,PRD-0380,4,3402.22,20
ITM-101855,ORD-100624,PRD-0344,-2,1525.99,0
ITM-101856,ORD-100624,PRD-0317,7,6671.43,20
ITM-101857,ORD-100624,PRD-0298,-2,358.11,20
ITM-101858,ORD-100625,PRD-0240,10,3530.96,15
ITM-101859,ORD-100625,PRD-0522,5,17644.55,20
ITM-101860,ORD-100625,PRD-0376,10,45967.85,5
ITM-101861,ORD-100626,PRD-0531,10,1030.12,10
ITM-101862,ORD-100626,PRD-0610,2,70655.23,0
ITM-101863,ORD-100627,PRD-0296,3,692.42,10
ITM-101864,ORD-100627,PRD-0289,2,10861.07,20
ITM-101865,ORD-100627,PRD-0355,1,1630.72,5
ITM-101866,ORD-100628,PRD-0356,2,1111.42,0
ITM-101867,ORD-100628,PRD-0505,4,847.62,5
ITM-101868,ORD-100629,PRD-0216,1,663.36,20
ITM-101869,ORD-100629,PRD-0316,1,486.26,0
ITM-101870,ORD-100629,PRD-0524,6,1186.64,0
ITM-101871,ORD-100630,PRD-0558,3,1938.32,5
ITM-101872,ORD-100630,PRD-0227,6,70947.88,10
ITM-101873,ORD-100631,PRD-0488,5,11650.8,20
ITM-101874,ORD-100631,PRD-0555,3,29383.23,5
ITM-101875,ORD-100631,PRD-0312,6,1207.02,15
ITM-101876,ORD-100632,PRD-0349,-3,1405.99,15
ITM-101877,ORD-100632,PRD-0381,1,1403.01,15
ITM-101878,ORD-100633,PRD-0104,8,40675.75,15
ITM-101879,ORD-100633,PRD-0263,1,11700.21,0
ITM-101880,ORD-100633,PRD-0570,5,10720.37,20
ITM-101881,ORD-100634,PRD-0524,5,1186.64,0
ITM-101882,ORD-100634,PRD-0245,5,12823.7,10
ITM-101888,ORD-100637,PRD-0326,3,671.69,15
ITM-101889,ORD-100637,PRD-0118,8,42964.12,5
ITM-101890,ORD-100637,PRD-0494,9,30446.0,5
ITM-101891,ORD-100638,PRD-0249,5,12631.51,0
ITM-101892,ORD-100638,PRD-0480,5,6600.11,20
ITM-101893,ORD-100638,PRD-0202,9,4119.62,10
ITM-101894,ORD-100638,PRD-0418,1,62352.35,15
ITM-101895,ORD-100639,PRD-0210,5,9152.2,5
ITM-101896,ORD-100639,PRD-0359,9,14318.97,5
ITM-101901,ORD-100641,PRD-0292,5,4549.26,0
ITM-101902,ORD-100641,PRD-0536,5,11106.06,10
ITM-101903,ORD-100642,PRD-0305,10,1304.23,15
ITM-101904,ORD-100642,PRD-0466,7,223.38,0
ITM-101905,ORD-100642,PRD-0584,4,3065.08,20
ITM-101906,ORD-100642,PRD-0351,1,409.51,10
ITM-101907,ORD-100643,PRD-0466,4,223.38,15
ITM-101908,ORD-100643,PRD-0442,4,2801.78,15
ITM-101909,ORD-100643,PRD-0542,1,14838.47,20
ITM-101910,ORD-100644,PRD-0179,10,17445.77,0
ITM-101911,ORD-100644,PRD-0241,7,2191.37,5
ITM-101912,ORD-100644,PRD-0145,8,2115.16,5
ITM-101913,ORD-100644,PRD-0523,2,4713.08,20
ITM-101914,ORD-100645,PRD-0552,4,2624.67,5
ITM-101915,ORD-100645,PRD-0320,6,48495.23,5
ITM-101916,ORD-100646,PRD-0138,1,39344.15,10
ITM-101917,ORD-100646,PRD-0519,5,11439.17,0
ITM-101918,ORD-100647,PRD-0561,2,1961.36,5
ITM-101919,ORD-100647,PRD-0449,10,13014.09,5
ITM-101920,ORD-100647,PRD-0222,5,2471.29,0
ITM-101921,ORD-100647,PRD-0347,8,725.17,0
ITM-101922,ORD-100648,PRD-0384,3,13657.97,20
ITM-101923,ORD-100648,PRD-0107,4,10517.37,15
ITM-101924,ORD-100648,PRD-0522,2,17644.55,10
ITM-101925,ORD-100648,PRD-0191,10,113.54,20
ITM-101926,ORD-100649,PRD-0385,7,3131.8,0
ITM-101927,ORD-100649,PRD-0458,8,264.79,10
ITM-101928,ORD-100650,PRD-0269,2,34556.05,0
ITM-101929,ORD-100650,PRD-0122,4,192.66,10
ITM-101930,ORD-100650,PRD-0277,4,140.18,5
ITM-101931,ORD-100650,PRD-0147,4,1822.81,5
ITM-101932,ORD-100651,PRD-0303,5,934.58,5
ITM-101933,ORD-100651,PRD-0572,8,19320.53,0
ITM-101934,ORD-100652,PRD-0238,2,22101.35,0
ITM-101935,ORD-100652,PRD-0310,5,32977.15,10
ITM-101936,ORD-100653,PRD-0543,2,151.27,5
ITM-101937,ORD-100653,PRD-0263,7,11700.21,15
ITM-101938,ORD-100653,PRD-0108,6,3347.41,5
ITM-101939,ORD-100653,PRD-0136,3,48913.13,20
ITM-101940,ORD-100654,PRD-0531,2,1030.12,0
ITM-101941,ORD-100654,PRD-0262,2,3557.43,5
ITM-101942,ORD-100654,PRD-0258,2,52186.46,15
ITM-101943,ORD-100654,PRD-0546,3,11188.12,5
ITM-101944,ORD-100655,PRD-0438,3,3352.33,15
ITM-101945,ORD-100655,PRD-0321,7,76971.93,15
ITM-101946,ORD-100655,PRD-0277,8,140.18,20
ITM-101947,ORD-100656,PRD-0424,10,1125.38,10
ITM-101948,ORD-100656,PRD-0320,4,48495.23,0
ITM-101949,ORD-100656,PRD-0516,7,32018.09,10
ITM-101950,ORD-100657,PRD-0577,10,203.25,0
ITM-101951,ORD-100657,PRD-0219,1,4662.54,5
ITM-101952,ORD-100657,PRD-0336,2,1953.18,20
ITM-101953,ORD-100657,PRD-0591,10,23528.9,15
ITM-101954,ORD-100658,PRD-0239,9,2204.85,0
ITM-101955,ORD-100658,PRD-0285,4,32649.89,20
ITM-101956,ORD-100658,PRD-0230,1,17897.87,5
ITM-101957,ORD-100658,PRD-0176,9,1040.37,5
ITM-101958,ORD-100659,PRD-0186,9,1177.27,10
ITM-101959,ORD-100659,PRD-0196,5,70788.71,10
ITM-101960,ORD-100659,PRD-0441,3,1464.37,20
ITM-101965,ORD-100661,PRD-0183,8,74574.61,10
ITM-101966,ORD-100661,PRD-0269,6,34556.05,10
ITM-101967,ORD-100661,PRD-0131,1,451.98,0
ITM-101968,ORD-100661,PRD-0128,1,12650.88,0
ITM-101969,ORD-100662,PRD-0431,10,10349.29,5
ITM-101970,ORD-100662,PRD-0184,4,9676.58,0
ITM-101971,ORD-100663,PRD-0201,9,68758.16,15
ITM-101972,ORD-100663,PRD-0481,10,31066.36,0
ITM-101973,ORD-100663,PRD-0127,6,2645.73,5
ITM-101974,ORD-100664,PRD-0489,9,26710.42,0
ITM-101975,ORD-100664,PRD-0397,5,75727.79,10
ITM-101976,ORD-100664,PRD-0264,9,718.87,0
ITM-101977,ORD-100665,PRD-0589,8,75909.47,10
ITM-101978,ORD-100665,PRD-0179,3,17445.77,5
ITM-101982,ORD-100667,PRD-0127,10,2645.73,0
ITM-101983,ORD-100667,PRD-0151,5,8157.62,0
ITM-101984,ORD-100667,PRD-0352,6,640.51,15
ITM-101985,ORD-100668,PRD-0450,6,35727.48,0
ITM-101986,ORD-100668,PRD-0382,3,4536.34,20
ITM-101987,ORD-100668,PRD-0515,10,4446.22,15
ITM-101988,ORD-100668,PRD-0226,7,49096.28,5
ITM-101989,ORD-100669,PRD-0376,4,45967.85,20
ITM-101990,ORD-100669,PRD-0430,1,25345.62,10
ITM-101991,ORD-100670,PRD-0418,10,62352.35,5
ITM-101992,ORD-100670,PRD-0485,9,731.26,0
ITM-101993,ORD-100670,PRD-0141,1,78249.77,15
ITM-101994,ORD-100671,PRD-0313,7,3981.57,5
ITM-101995,ORD-100671,PRD-0572,6,19320.53,20
ITM-101996,ORD-100671,PRD-0118,9,42964.12,20
ITM-101998,ORD-100672,PRD-0375,2,12822.03,0
ITM-101999,ORD-100673,PRD-0359,2,14318.97,20
ITM-102000,ORD-100673,PRD-0106,5,728.89,10
ITM-102001,ORD-100673,PRD-0282,8,877.25,20
ITM-102002,ORD-100674,PRD-0355,4,1630.72,20
ITM-102003,ORD-100674,PRD-0488,9,11650.8,5
ITM-102004,ORD-100674,PRD-0166,5,365.86,15
ITM-102005,ORD-100675,PRD-0259,3,16349.17,0
ITM-102006,ORD-100675,PRD-0510,5,450.46,20
ITM-102007,ORD-100676,PRD-0275,10,19887.14,20
ITM-102008,ORD-100676,PRD-0415,5,1754.1,15
ITM-102009,ORD-100676,PRD-0263,4,11700.21,0
ITM-102010,ORD-100676,PRD-0530,6,19624.86,5
ITM-102011,ORD-100677,PRD-0542,2,14838.47,5
ITM-102012,ORD-100677,PRD-0418,2,62352.35,10
ITM-102013,ORD-100677,PRD-0574,7,9237.43,0
ITM-102014,ORD-100677,PRD-0399,3,2377.49,15
ITM-102015,ORD-100678,PRD-0483,1,311.21,10
ITM-102016,ORD-100678,PRD-0292,4,4549.26,15
ITM-102017,ORD-100678,PRD-0478,9,5376.34,10
ITM-102018,ORD-100679,PRD-0292,4,4549.26,10
ITM-102019,ORD-100679,PRD-0124,8,470.83,0
ITM-102020,ORD-100679,PRD-0487,7,1989.69,10
ITM-102021,ORD-100679,PRD-0387,9,11236.41,10
ITM-102022,ORD-100680,PRD-0618,4,11394.39,0
ITM-102023,ORD-100680,PRD-0212,4,827.89,10
ITM-102024,ORD-100680,PRD-0613,3,7638.19,20
ITM-102025,ORD-100680,PRD-0383,3,3152.48,10
ITM-102026,ORD-100681,PRD-0164,1,74158.19,10
ITM-102027,ORD-100681,PRD-0397,5,75727.79,0
ITM-102028,ORD-100681,PRD-0345,4,1407.95,5
ITM-102029,ORD-100682,PRD-0464,9,261.24,5
ITM-102030,ORD-100682,PRD-0364,6,63793.41,20
ITM-102031,ORD-100683,PRD-0226,-1,49096.28,15
ITM-102032,ORD-100683,PRD-0245,2,12823.7,0
ITM-102033,ORD-100683,PRD-0197,8,1149.27,20
ITM-102034,ORD-100683,PRD-0578,9,7067.62,0
ITM-102035,ORD-100684,PRD-0304,10,2025.81,5
ITM-102036,ORD-100684,PRD-0194,8,71969.03,5
ITM-102037,ORD-100685,PRD-0238,6,22101.35,15
ITM-102038,ORD-100685,PRD-0332,7,33353.18,0
ITM-102039,ORD-100686,PRD-0179,10,17445.77,0
ITM-102040,ORD-100686,PRD-0618,6,11394.39,15
ITM-102041,ORD-100687,PRD-0198,9,4885.79,15
ITM-102042,ORD-100687,PRD-0517,9,14918.7,20
ITM-102043,ORD-100687,PRD-0109,3,5791.92,0
ITM-102044,ORD-100688,PRD-0128,10,12650.88,0
ITM-102045,ORD-100688,PRD-0210,7,9152.2,10
ITM-102046,ORD-100689,PRD-0231,9,880.37,20
ITM-102047,ORD-100689,PRD-0114,7,78825.11,5
ITM-102048,ORD-100690,PRD-0584,5,3065.08,15
ITM-102049,ORD-100690,PRD-0391,2,470.24,20
ITM-102050,ORD-100690,PRD-0526,10,3266.97,0
ITM-102051,ORD-100691,PRD-0319,6,6650.72,0
ITM-102052,ORD-100691,PRD-0455,1,78763.43,5
ITM-102053,ORD-100691,PRD-0179,10,17445.77,10
ITM-102054,ORD-100691,PRD-0173,9,3053.69,0
ITM-102055,ORD-100692,PRD-0394,9,7151.43,0
ITM-102056,ORD-100692,PRD-0400,4,1139.18,5
ITM-102057,ORD-100692,PRD-0507,8,1177.21,20
ITM-102058,ORD-100692,PRD-0452,10,401.8,0
ITM-102059,ORD-100693,PRD-0518,3,4882.47,5
ITM-102060,ORD-100693,PRD-0262,10,3557.43,5
ITM-102061,ORD-100694,PRD-0618,2,11394.39,5
ITM-102062,ORD-100694,PRD-0346,5,10931.86,15
ITM-102063,ORD-100694,PRD-0444,7,2918.34,10
ITM-102064,ORD-100694,PRD-0179,5,17445.77,0
ITM-102065,ORD-100695,PRD-0402,9,671.36,5
ITM-102066,ORD-100695,PRD-0518,6,4882.47,0
ITM-102067,ORD-100696,PRD-0122,4,192.66,10
ITM-102068,ORD-100696,PRD-0605,7,226.07,15
ITM-102069,ORD-100696,PRD-0546,9,11188.12,0
ITM-102070,ORD-100696,PRD-0199,3,318.97,0
ITM-102074,ORD-100698,PRD-0191,7,113.54,0
ITM-102075,ORD-100698,PRD-0258,2,52186.46,15
ITM-102076,ORD-100698,PRD-0429,2,682.39,5
ITM-102077,ORD-100698,PRD-0280,5,7821.91,5
ITM-102081,ORD-100700,PRD-0247,-4,1253.22,20
ITM-102082,ORD-100700,PRD-0371,1,54370.07,10
ITM-102083,ORD-100700,PRD-0219,5,4662.54,5
ITM-102084,ORD-100701,PRD-0106,8,728.89,20
ITM-102085,ORD-100701,PRD-0299,5,9569.93,10
ITM-102086,ORD-100701,PRD-0344,9,1525.99,15
ITM-102087,ORD-100701,PRD-0240,1,3530.96,15
ITM-102088,ORD-100702,PRD-0340,10,4676.73,10
ITM-102089,ORD-100702,PRD-0228,2,2573.01,0
ITM-102090,ORD-100703,PRD-0480,1,6600.11,15
ITM-102091,ORD-100703,PRD-0149,6,5858.33,20
ITM-102092,ORD-100703,PRD-0167,5,2980.07,10
ITM-102093,ORD-100703,PRD-0287,8,6468.73,0
ITM-102094,ORD-100704,PRD-0270,10,337.88,15
ITM-102095,ORD-100704,PRD-0531,10,1030.12,20
ITM-102096,ORD-100704,PRD-0485,9,731.26,10
ITM-102097,ORD-100705,PRD-0568,9,1234.72,0
ITM-102098,ORD-100705,PRD-0403,9,3376.45,5
ITM-102099,ORD-100705,PRD-0475,7,1000.19,20
ITM-102100,ORD-100705,PRD-0355,6,1630.72,5
ITM-102101,ORD-100706,PRD-0206,1,51497.8,10
ITM-102102,ORD-100706,PRD-0613,10,7638.19,10
ITM-102103,ORD-100706,PRD-0300,4,6389.53,5
ITM-102104,ORD-100706,PRD-0211,4,20750.44,5
ITM-102105,ORD-100707,PRD-0245,7,12823.7,15
ITM-102106,ORD-100707,PRD-0157,10,15621.61,15
ITM-102107,ORD-100707,PRD-0124,8,470.83,20
ITM-102108,ORD-100708,PRD-0508,8,838.44,0
ITM-102109,ORD-100708,PRD-0528,8,850.48,0
ITM-102110,ORD-100709,PRD-0322,9,61167.17,10
ITM-102111,ORD-100709,PRD-0334,10,1163.99,20
ITM-102112,ORD-100710,PRD-0434,6,8859.01,20
ITM-102113,ORD-100710,PRD-0350,3,2944.63,20
ITM-102114,ORD-100711,PRD-0118,1,42964.12,10
ITM-102115,ORD-100711,PRD-0453,2,9315.74,15
ITM-102116,ORD-100711,PRD-0246,10,1146.52,20
ITM-102117,ORD-100711,PRD-0545,1,10395.76,10
ITM-102118,ORD-100712,PRD-0251,10,890.15,15
ITM-102119,ORD-100712,PRD-0468,3,59791.48,20
ITM-102120,ORD-100712,PRD-0545,2,10395.76,10
ITM-102121,ORD-100712,PRD-0492,7,1689.11,20
ITM-102122,ORD-100713,PRD-0517,4,14918.7,0
ITM-102123,ORD-100713,PRD-0116,8,327.72,20
ITM-102125,ORD-100714,PRD-0422,6,786.38,20
ITM-102126,ORD-100714,PRD-0224,4,10141.02,10
ITM-102127,ORD-100715,PRD-0509,3,4046.04,20
ITM-102128,ORD-100715,PRD-0347,5,725.17,20
ITM-102129,ORD-100715,PRD-0379,1,66710.69,0
ITM-102130,ORD-100716,PRD-0590,1,9328.91,5
ITM-102131,ORD-100716,PRD-0107,7,10517.37,20
ITM-102136,ORD-100718,PRD-0127,2,2645.73,0
ITM-102137,ORD-100718,PRD-0485,1,731.26,20
ITM-102138,ORD-100718,PRD-0386,5,12482.52,0
ITM-102139,ORD-100719,PRD-0175,1,3694.49,10
ITM-102140,ORD-100719,PRD-0565,3,1570.77,15
ITM-102141,ORD-100719,PRD-0301,8,64985.8,20
ITM-102142,ORD-100719,PRD-0522,1,17644.55,5
ITM-102143,ORD-100720,PRD-0478,5,5376.34,5
ITM-102144,ORD-100720,PRD-0377,8,14672.48,0
ITM-102145,ORD-100720,PRD-0552,10,2624.67,15
ITM-102146,ORD-100720,PRD-0389,3,4328.67,15
ITM-102147,ORD-100721,PRD-0560,7,11481.8,5
ITM-102148,ORD-100721,PRD-0522,10,17644.55,5
ITM-102149,ORD-100722,PRD-0453,9,9315.74,0
ITM-102150,ORD-100722,PRD-0195,8,54724.3,15
ITM-102151,ORD-100723,PRD-0149,10,5858.33,5
ITM-102152,ORD-100723,PRD-0169,1,1387.14,10
ITM-102153,ORD-100723,PRD-0507,9,1177.21,20
ITM-102155,ORD-100724,PRD-0308,4,1470.3,15
ITM-102156,ORD-100724,PRD-0192,6,3364.24,5
ITM-102158,ORD-100725,PRD-0511,8,876.36,0
ITM-102159,ORD-100725,PRD-0182,1,1084.96,15
ITM-102160,ORD-100726,PRD-0269,2,34556.05,0
ITM-102161,ORD-100726,PRD-0268,7,11973.97,0
ITM-102162,ORD-100727,PRD-0325,4,1456.68,15
ITM-102163,ORD-100727,PRD-0426,8,1622.8,5
ITM-102164,ORD-100728,PRD-0454,2,1033.99,15
ITM-102165,ORD-100728,PRD-0295,8,55944.68,5
ITM-102166,ORD-100728,PRD-0177,5,13945.92,20
ITM-102167,ORD-100729,PRD-0371,1,54370.07,20
ITM-102168,ORD-100729,PRD-0273,6,7053.38,20
ITM-102169,ORD-100729,PRD-0149,7,5858.33,5
ITM-102170,ORD-100730,PRD-0145,7,2115.16,0
ITM-102171,ORD-100730,PRD-0383,1,3152.48,10
ITM-102172,ORD-100730,PRD-0343,4,1114.93,15
ITM-102173,ORD-100731,PRD-0357,7,204.76,0
ITM-102174,ORD-100731,PRD-0582,2,1748.77,20
ITM-102175,ORD-100731,PRD-0246,-2,1146.52,15
ITM-102176,ORD-100731,PRD-0275,2,19887.14,5
ITM-102177,ORD-100732,PRD-0266,8,3042.07,0
ITM-102178,ORD-100732,PRD-0287,4,6468.73,0
ITM-102179,ORD-100733,PRD-0530,10,19624.86,5
ITM-102180,ORD-100733,PRD-0449,10,13014.09,15
ITM-102182,ORD-100734,PRD-0349,9,1405.99,0
ITM-102183,ORD-100734,PRD-0282,6,877.25,20
ITM-102184,ORD-100735,PRD-0130,4,934.24,10
ITM-102185,ORD-100735,PRD-0561,8,1961.36,0
ITM-102186,ORD-100735,PRD-0539,2,1236.1,15
ITM-102187,ORD-100736,PRD-0590,7,9328.91,0
ITM-102188,ORD-100736,PRD-0609,-5,851.37,5
ITM-102189,ORD-100736,PRD-0251,6,890.15,0
ITM-102190,ORD-100737,PRD-0486,3,833.7,20
ITM-102191,ORD-100737,PRD-0187,3,3879.15,5
ITM-102192,ORD-100738,PRD-0458,3,264.79,10
ITM-102193,ORD-100738,PRD-0189,6,61803.98,15
ITM-102194,ORD-100739,PRD-0444,-5,2918.34,20
ITM-102195,ORD-100739,PRD-0208,7,14696.14,10
ITM-102196,ORD-100740,PRD-0254,9,396.32,0
ITM-102197,ORD-100740,PRD-0279,10,13222.75,0
ITM-102198,ORD-100740,PRD-0243,10,2069.49,10
ITM-102199,ORD-100740,PRD-0508,10,838.44,15
ITM-102200,ORD-100741,PRD-0375,7,12822.03,5
ITM-102201,ORD-100741,PRD-0396,1,1008.94,20
ITM-102202,ORD-100742,PRD-0230,6,17897.87,0
ITM-102203,ORD-100742,PRD-0135,4,7689.07,20
ITM-102204,ORD-100743,PRD-0544,5,1913.48,20
ITM-102205,ORD-100743,PRD-0620,3,4670.57,10
ITM-102206,ORD-100743,PRD-0406,6,4246.84,20
ITM-102207,ORD-100743,PRD-0168,5,4486.32,0
ITM-102208,ORD-100744,PRD-0563,9,41660.75,20
ITM-102209,ORD-100744,PRD-0569,8,8317.46,0
ITM-102210,ORD-100744,PRD-0194,3,71969.03,10
ITM-102211,ORD-100745,PRD-0512,7,23162.51,15
ITM-102212,ORD-100745,PRD-0590,9,9328.91,5
ITM-102213,ORD-100746,PRD-0292,10,4549.26,0
ITM-102214,ORD-100746,PRD-0563,7,41660.75,10
ITM-102215,ORD-100746,PRD-0180,2,13230.83,20
ITM-102216,ORD-100746,PRD-0573,10,605.26,15
ITM-102217,ORD-100747,PRD-0605,9,226.07,15
ITM-102218,ORD-100747,PRD-0254,10,396.32,20
ITM-102219,ORD-100747,PRD-0547,8,1463.21,20
ITM-102220,ORD-100747,PRD-0258,6,52186.46,5
ITM-102221,ORD-100748,PRD-0301,1,64985.8,15
ITM-102222,ORD-100748,PRD-0426,1,1622.8,20
ITM-102223,ORD-100748,PRD-0509,4,4046.04,5
ITM-102224,ORD-100748,PRD-0478,5,5376.34,0
ITM-102225,ORD-100749,PRD-0470,7,42683.08,15
ITM-102226,ORD-100749,PRD-0440,10,8675.39,15
ITM-102227,ORD-100750,PRD-0132,3,60194.79,0
ITM-102228,ORD-100750,PRD-0387,3,11236.41,20
ITM-102229,ORD-100751,PRD-0451,5,949.91,10
ITM-102230,ORD-100751,PRD-0358,9,9800.07,5
ITM-102231,ORD-100751,PRD-0503,-5,409.72,15
ITM-102232,ORD-100751,PRD-0504,3,9217.34,5
ITM-102233,ORD-100752,PRD-0402,4,671.36,5
ITM-102234,ORD-100752,PRD-0237,10,484.44,20
ITM-102235,ORD-100752,PRD-0376,4,45967.85,15
ITM-102236,ORD-100753,PRD-0206,7,51497.8,10
ITM-102237,ORD-100753,PRD-0269,2,34556.05,10
ITM-102238,ORD-100754,PRD-0436,9,1455.76,5
ITM-102239,ORD-100754,PRD-0446,3,17603.06,15
ITM-102240,ORD-100754,PRD-0452,3,401.8,15
ITM-102241,ORD-100754,PRD-0276,10,954.46,15
ITM-102242,ORD-100755,PRD-0328,9,1027.62,10
ITM-102243,ORD-100755,PRD-0479,4,36427.15,0
ITM-102244,ORD-100756,PRD-0209,7,9009.08,20
ITM-102245,ORD-100756,PRD-0479,1,36427.15,10
ITM-102246,ORD-100756,PRD-0602,5,4682.01,20
ITM-102247,ORD-100756,PRD-0496,6,606.56,20
ITM-102248,ORD-100757,PRD-0429,5,682.39,15
ITM-102249,ORD-100757,PRD-0368,-2,1056.39,5
ITM-102250,ORD-100758,PRD-0414,2,28980.26,20
ITM-102251,ORD-100758,PRD-0177,8,13945.92,0
ITM-102256,ORD-100760,PRD-0415,6,1754.1,0
ITM-102257,ORD-100760,PRD-0401,2,3343.63,15
ITM-102258,ORD-100760,PRD-0435,4,5400.93,10
ITM-102259,ORD-100761,PRD-0322,6,61167.17,5
ITM-102260,ORD-100761,PRD-0320,8,48495.23,15
ITM-102261,ORD-100762,PRD-0200,7,4112.06,5
ITM-102262,ORD-100762,PRD-0559,1,54485.43,10
ITM-102263,ORD-100762,PRD-0117,5,10572.03,20
ITM-102264,ORD-100762,PRD-0254,5,396.32,0
ITM-102265,ORD-100763,PRD-0137,3,3860.05,10
ITM-102266,ORD-100763,PRD-0568,10,1234.72,15
ITM-102267,ORD-100764,PRD-0225,9,907.3,20
ITM-102268,ORD-100764,PRD-0585,1,9274.26,20
ITM-102269,ORD-100764,PRD-0235,1,462.87,15
ITM-102270,ORD-100764,PRD-0379,3,66710.69,10
ITM-102271,ORD-100765,PRD-0457,3,3867.97,15
ITM-102272,ORD-100765,PRD-0241,9,2191.37,10
ITM-102273,ORD-100766,PRD-0527,6,255.2,0
ITM-102274,ORD-100766,PRD-0619,8,2361.77,15
ITM-102275,ORD-100766,PRD-0553,5,725.98,10
ITM-102276,ORD-100767,PRD-0242,6,6324.25,15
ITM-102277,ORD-100767,PRD-0446,9,17603.06,10
ITM-102278,ORD-100768,PRD-0448,7,11686.01,20
ITM-102279,ORD-100768,PRD-0473,10,9095.62,10
ITM-102280,ORD-100768,PRD-0395,9,9767.64,5
ITM-102281,ORD-100768,PRD-0232,10,64212.62,10
ITM-102282,ORD-100769,PRD-0185,-4,22151.68,15
ITM-102283,ORD-100769,PRD-0127,1,2645.73,5
ITM-102284,ORD-100770,PRD-0144,5,1400.48,5
ITM-102285,ORD-100770,PRD-0482,10,26061.38,5
ITM-102286,ORD-100771,PRD-0338,4,7910.13,0
ITM-102287,ORD-100771,PRD-0235,6,462.87,0
ITM-102288,ORD-100771,PRD-0425,4,5806.43,0
ITM-102289,ORD-100771,PRD-0106,6,728.89,10
ITM-102290,ORD-100772,PRD-0135,4,7689.07,20
ITM-102291,ORD-100772,PRD-0536,3,11106.06,20
ITM-102292,ORD-100772,PRD-0203,5,527.27,10
ITM-102293,ORD-100773,PRD-0493,10,933.06,15
ITM-102294,ORD-100773,PRD-0603,8,7549.24,5
ITM-102295,ORD-100773,PRD-0328,8,1027.62,15
ITM-102296,ORD-100774,PRD-0552,7,2624.67,10
ITM-102297,ORD-100774,PRD-0254,3,396.32,0
ITM-102298,ORD-100774,PRD-0476,3,6680.48,20
ITM-102299,ORD-100774,PRD-0478,4,5376.34,10
ITM-102300,ORD-100775,PRD-0324,9,354.08,5
ITM-102301,ORD-100775,PRD-0209,4,9009.08,5
ITM-102302,ORD-100776,PRD-0230,10,17897.87,5
ITM-102303,ORD-100776,PRD-0247,5,1253.22,0
ITM-102304,ORD-100777,PRD-0195,7,54724.3,0
ITM-102305,ORD-100777,PRD-0109,9,5791.92,0
ITM-102306,ORD-100777,PRD-0351,5,409.51,15
ITM-102307,ORD-100777,PRD-0602,4,4682.01,5
ITM-102308,ORD-100778,PRD-0575,1,32153.72,10
ITM-102309,ORD-100778,PRD-0270,7,337.88,15
ITM-102310,ORD-100778,PRD-0190,3,8342.45,15
ITM-102311,ORD-100778,PRD-0286,8,3387.01,10
ITM-102312,ORD-100779,PRD-0429,6,682.39,10
ITM-102313,ORD-100779,PRD-0373,3,9638.24,15
ITM-102314,ORD-100779,PRD-0489,10,26710.42,5
ITM-102315,ORD-100780,PRD-0434,10,8859.01,5
ITM-102316,ORD-100780,PRD-0193,8,6532.33,20
ITM-102317,ORD-100781,PRD-0347,7,725.17,0
ITM-102318,ORD-100781,PRD-0155,3,1042.71,20
ITM-102319,ORD-100781,PRD-0551,8,53043.08,0
ITM-102322,ORD-100783,PRD-0291,6,1114.42,0
ITM-102323,ORD-100783,PRD-0287,3,6468.73,5
ITM-102324,ORD-100783,PRD-0320,3,48495.23,15
ITM-102325,ORD-100783,PRD-0204,6,313.59,15
ITM-102326,ORD-100784,PRD-0178,4,49882.16,10
ITM-102327,ORD-100784,PRD-0248,3,140.63,5
ITM-102328,ORD-100784,PRD-0433,4,8176.87,10
ITM-102329,ORD-100784,PRD-0309,9,14318.18,10
ITM-102330,ORD-100785,PRD-0374,2,739.57,15
ITM-102331,ORD-100785,PRD-0601,8,3836.81,15
ITM-102332,ORD-100785,PRD-0325,7,1456.68,5
ITM-102333,ORD-100786,PRD-0354,10,4833.7,0
ITM-102334,ORD-100786,PRD-0441,5,1464.37,10
ITM-102335,ORD-100786,PRD-0611,2,821.85,20
ITM-102336,ORD-100787,PRD-0558,10,1938.32,20
ITM-102337,ORD-100787,PRD-0550,3,1610.08,0
ITM-102338,ORD-100788,PRD-0279,2,13222.75,15
ITM-102339,ORD-100788,PRD-0266,6,3042.07,0
ITM-102340,ORD-100788,PRD-0353,8,4831.16,20
ITM-102342,ORD-100789,PRD-0435,10,5400.93,5
ITM-102343,ORD-100789,PRD-0349,3,1405.99,5
ITM-102344,ORD-100789,PRD-0129,3,3062.76,0
ITM-102345,ORD-100790,PRD-0507,9,1177.21,0
ITM-102346,ORD-100790,PRD-0293,-3,360.1,5
ITM-102347,ORD-100790,PRD-0146,9,1946.91,10
ITM-102348,ORD-100791,PRD-0577,9,203.25,20
ITM-102349,ORD-100791,PRD-0619,8,2361.77,20
ITM-102350,ORD-100791,PRD-0458,6,264.79,5
ITM-102351,ORD-100792,PRD-0466,4,223.38,5
ITM-102352,ORD-100792,PRD-0504,1,9217.34,0
ITM-102353,ORD-100792,PRD-0307,5,75833.42,0
ITM-102354,ORD-100792,PRD-0410,7,1236.57,5
ITM-102355,ORD-100793,PRD-0184,10,9676.58,20
ITM-102356,ORD-100793,PRD-0429,8,682.39,0
ITM-102357,ORD-100793,PRD-0169,3,1387.14,10
ITM-102358,ORD-100793,PRD-0316,2,486.26,20
ITM-102359,ORD-100794,PRD-0253,-4,170.4,20
ITM-102360,ORD-100794,PRD-0457,2,3867.97,0
ITM-102361,ORD-100795,PRD-0304,5,2025.81,15
ITM-102362,ORD-100795,PRD-0298,10,358.11,0
ITM-102363,ORD-100795,PRD-0302,10,1909.01,0
ITM-102364,ORD-100796,PRD-0582,4,1748.77,0
ITM-102365,ORD-100796,PRD-0612,10,15975.1,0
ITM-102366,ORD-100796,PRD-0218,7,961.72,5
ITM-102367,ORD-100797,PRD-0255,2,4282.11,5
ITM-102368,ORD-100797,PRD-0313,2,3981.57,5
ITM-102369,ORD-100798,PRD-0572,8,19320.53,15
ITM-102370,ORD-100798,PRD-0243,2,2069.49,0
ITM-102371,ORD-100798,PRD-0192,2,3364.24,0
ITM-102372,ORD-100798,PRD-0492,2,1689.11,15
ITM-102373,ORD-100799,PRD-0286,2,3387.01,0
ITM-102374,ORD-100799,PRD-0133,3,6606.26,15
ITM-102375,ORD-100800,PRD-0452,8,401.8,20
ITM-102376,ORD-100800,PRD-0355,10,1630.72,5
ITM-102377,ORD-100800,PRD-0320,5,48495.23,0
ITM-102378,ORD-100800,PRD-0298,7,358.11,15
ITM-102379,ORD-100801,PRD-0314,1,750.93,20
ITM-102380,ORD-100801,PRD-0284,5,1210.11,15
ITM-102381,ORD-100801,PRD-0207,5,563.61,5
ITM-102382,ORD-100802,PRD-0203,5,527.27,0
ITM-102383,ORD-100802,PRD-0124,7,470.83,20
ITM-102384,ORD-100803,PRD-0244,1,38419.89,10
ITM-102385,ORD-100803,PRD-0435,3,5400.93,5
ITM-102386,ORD-100803,PRD-0394,3,7151.43,15
ITM-102387,ORD-100803,PRD-0118,4,42964.12,20
ITM-102388,ORD-100804,PRD-0476,7,6680.48,10
ITM-102389,ORD-100804,PRD-0168,4,4486.32,0
ITM-102390,ORD-100804,PRD-0454,10,1033.99,5
ITM-102391,ORD-100804,PRD-0609,-1,851.37,0
ITM-102392,ORD-100805,PRD-0565,3,1570.77,0
ITM-102393,ORD-100805,PRD-0383,7,3152.48,5
ITM-102394,ORD-100806,PRD-0435,6,5400.93,20
ITM-102395,ORD-100806,PRD-0497,3,14274.86,10
ITM-102396,ORD-100806,PRD-0318,5,1079.63,0
ITM-102397,ORD-100807,PRD-0260,3,19464.32,0
ITM-102398,ORD-100807,PRD-0594,7,33541.93,0
ITM-102399,ORD-100808,PRD-0471,3,1885.28,20
ITM-102400,ORD-100808,PRD-0591,9,23528.9,5
ITM-102401,ORD-100809,PRD-0385,3,3131.8,0
ITM-102402,ORD-100809,PRD-0163,2,330.49,15
ITM-102403,ORD-100809,PRD-0542,10,14838.47,15
ITM-102406,ORD-100811,PRD-0210,6,9152.2,10
ITM-102407,ORD-100811,PRD-0368,1,1056.39,5
ITM-102408,ORD-100811,PRD-0328,1,1027.62,10
ITM-102409,ORD-100811,PRD-0356,2,1111.42,0
ITM-102410,ORD-100812,PRD-0472,8,693.46,15
ITM-102411,ORD-100812,PRD-0563,-3,41660.75,10
ITM-102412,ORD-100813,PRD-0167,8,2980.07,10
ITM-102413,ORD-100813,PRD-0457,5,3867.97,10
ITM-102414,ORD-100813,PRD-0536,4,11106.06,5
ITM-102415,ORD-100814,PRD-0592,3,12099.62,0
ITM-102416,ORD-100814,PRD-0358,7,9800.07,15
ITM-102417,ORD-100814,PRD-0103,1,3026.72,0
ITM-102418,ORD-100815,PRD-0161,9,13721.73,0
ITM-102419,ORD-100815,PRD-0226,4,49096.28,0
ITM-102420,ORD-100815,PRD-0128,9,12650.88,15
ITM-102421,ORD-100815,PRD-0336,8,1953.18,0
ITM-102422,ORD-100816,PRD-0383,8,3152.48,0
ITM-102423,ORD-100816,PRD-0266,9,3042.07,15
ITM-102424,ORD-100816,PRD-0144,1,1400.48,20
ITM-102425,ORD-100817,PRD-0200,8,4112.06,10
ITM-102426,ORD-100817,PRD-0210,10,9152.2,5
ITM-102427,ORD-100817,PRD-0132,6,60194.79,0
ITM-102428,ORD-100817,PRD-0163,2,330.49,15
ITM-102429,ORD-100818,PRD-0144,8,1400.48,15
ITM-102430,ORD-100818,PRD-0205,1,1775.66,5
ITM-102431,ORD-100819,PRD-0335,2,2836.25,10
ITM-102432,ORD-100819,PRD-0149,6,5858.33,10
ITM-102433,ORD-100819,PRD-0383,5,3152.48,15
ITM-102434,ORD-100820,PRD-0511,2,876.36,5
ITM-102435,ORD-100820,PRD-0302,1,1909.01,0
ITM-102436,ORD-100821,PRD-0546,6,11188.12,5
ITM-102437,ORD-100821,PRD-0464,7,261.24,15
ITM-102438,ORD-100821,PRD-0540,5,23828.68,20
ITM-102439,ORD-100821,PRD-0609,4,851.37,0
ITM-102440,ORD-100822,PRD-0106,4,728.89,10
ITM-102441,ORD-100822,PRD-0306,-4,896.08,20
ITM-102442,ORD-100823,PRD-0551,7,53043.08,10
ITM-102443,ORD-100823,PRD-0504,3,9217.34,15
ITM-102444,ORD-100824,PRD-0462,2,37050.46,20
ITM-102445,ORD-100824,PRD-0347,8,725.17,5
ITM-102446,ORD-100825,PRD-0133,5,6606.26,0
ITM-102447,ORD-100825,PRD-0513,7,2356.73,15
ITM-102448,ORD-100826,PRD-0419,10,18113.21,10
ITM-102449,ORD-100826,PRD-0126,2,659.16,0
ITM-102450,ORD-100827,PRD-0558,8,1938.32,20
ITM-102451,ORD-100827,PRD-0579,5,11551.56,0
ITM-102452,ORD-100828,PRD-0121,10,64501.14,10
ITM-102453,ORD-100828,PRD-0342,9,441.22,20
ITM-102454,ORD-100829,PRD-0377,1,14672.48,20
ITM-102455,ORD-100829,PRD-0423,2,1358.97,5
ITM-102456,ORD-100830,PRD-0277,5,140.18,0
ITM-102457,ORD-100830,PRD-0614,10,2060.65,0
ITM-102458,ORD-100830,PRD-0405,8,72184.85,20
ITM-102459,ORD-100831,PRD-0605,2,226.07,5
ITM-102460,ORD-100831,PRD-0304,10,2025.81,15
ITM-102461,ORD-100831,PRD-0550,7,1610.08,0
ITM-102462,ORD-100832,PRD-0400,7,1139.18,0
ITM-102463,ORD-100832,PRD-0492,3,1689.11,0
ITM-102464,ORD-100832,PRD-0322,5,61167.17,15
ITM-102465,ORD-100833,PRD-0597,10,2091.88,15
ITM-102466,ORD-100833,PRD-0373,4,9638.24,5
ITM-102467,ORD-100834,PRD-0431,3,10349.29,15
ITM-102468,ORD-100834,PRD-0316,10,486.26,20
ITM-102469,ORD-100835,PRD-0397,10,75727.79,20
ITM-102470,ORD-100835,PRD-0217,8,2998.83,20
ITM-102471,ORD-100835,PRD-0116,5,327.72,0
ITM-102472,ORD-100835,PRD-0270,3,337.88,15
ITM-102473,ORD-100836,PRD-0320,1,48495.23,15
ITM-102474,ORD-100836,PRD-0572,3,19320.53,20
ITM-102475,ORD-100837,PRD-0192,1,3364.24,15
ITM-102476,ORD-100837,PRD-0263,5,11700.21,0
ITM-102477,ORD-100838,PRD-0186,6,1177.27,5
ITM-102478,ORD-100838,PRD-0617,8,2643.79,20
ITM-102479,ORD-100839,PRD-0215,8,25088.13,0
ITM-102480,ORD-100839,PRD-0123,9,6025.13,20
ITM-102481,ORD-100840,PRD-0397,1,75727.79,20
ITM-102482,ORD-100840,PRD-0173,7,3053.69,20
ITM-102483,ORD-100840,PRD-0367,9,1040.33,10
ITM-102484,ORD-100840,PRD-0242,2,6324.25,5
ITM-102488,ORD-100842,PRD-0277,1,140.18,0
ITM-102489,ORD-100842,PRD-0366,1,2177.85,20
ITM-102490,ORD-100843,PRD-0586,8,47548.77,10
ITM-102491,ORD-100843,PRD-0196,4,70788.71,5
ITM-102492,ORD-100843,PRD-0490,2,452.79,20
ITM-102493,ORD-100844,PRD-0513,2,2356.73,0
ITM-102494,ORD-100844,PRD-0262,8,3557.43,20
ITM-102495,ORD-100844,PRD-0377,10,14672.48,5
ITM-102496,ORD-100845,PRD-0534,9,455.11,20
ITM-102497,ORD-100845,PRD-0255,7,4282.11,15
ITM-102498,ORD-100845,PRD-0589,5,75909.47,0
ITM-102499,ORD-100845,PRD-0145,6,2115.16,20
ITM-102500,ORD-100846,PRD-0221,2,6716.07,10
ITM-102501,ORD-100846,PRD-0534,6,455.11,0
ITM-102502,ORD-100847,PRD-0146,9,1946.91,15
ITM-102503,ORD-100847,PRD-0355,8,1630.72,5
ITM-102504,ORD-100847,PRD-0391,9,470.24,20
ITM-102505,ORD-100848,PRD-0442,6,2801.78,15
ITM-102506,ORD-100848,PRD-0210,10,9152.2,15
ITM-102507,ORD-100849,PRD-0508,5,838.44,5
ITM-102508,ORD-100849,PRD-0147,7,1822.81,20
ITM-102509,ORD-100849,PRD-0390,7,612.09,20
ITM-102510,ORD-100849,PRD-0493,4,933.06,20
ITM-102511,ORD-100850,PRD-0372,7,2320.3,20
ITM-102512,ORD-100850,PRD-0127,8,2645.73,10
ITM-102513,ORD-100850,PRD-0420,2,36914.38,5
ITM-102514,ORD-100850,PRD-0555,3,29383.23,0
ITM-102515,ORD-100851,PRD-0447,7,577.25,0
ITM-102516,ORD-100851,PRD-0246,6,1146.52,5
ITM-102517,ORD-100851,PRD-0349,5,1405.99,15
ITM-102518,ORD-100851,PRD-0229,9,3349.08,0
ITM-102519,ORD-100852,PRD-0328,9,1027.62,10
ITM-102520,ORD-100852,PRD-0510,9,450.46,20
ITM-102521,ORD-100852,PRD-0334,1,1163.99,20
ITM-102522,ORD-100852,PRD-0547,5,1463.21,5
ITM-102523,ORD-100853,PRD-0592,9,12099.62,5
ITM-102524,ORD-100853,PRD-0556,10,885.34,20
ITM-102525,ORD-100853,PRD-0170,1,4811.74,15
ITM-102526,ORD-100854,PRD-0165,5,692.21,0
ITM-102527,ORD-100854,PRD-0176,2,1040.37,5
ITM-102528,ORD-100854,PRD-0355,10,1630.72,10
ITM-102529,ORD-100854,PRD-0268,7,11973.97,5
ITM-102530,ORD-100855,PRD-0339,8,51992.92,5
ITM-102531,ORD-100855,PRD-0518,6,4882.47,0
ITM-102532,ORD-100856,PRD-0355,5,1630.72,0
ITM-102533,ORD-100856,PRD-0429,-1,682.39,20
ITM-102534,ORD-100857,PRD-0511,1,876.36,10
ITM-102535,ORD-100857,PRD-0270,5,337.88,10
ITM-102536,ORD-100858,PRD-0608,5,39844.09,5
ITM-102537,ORD-100858,PRD-0228,2,2573.01,20
ITM-102538,ORD-100858,PRD-0540,1,23828.68,10
ITM-102539,ORD-100859,PRD-0397,1,75727.79,10
ITM-102540,ORD-100859,PRD-0527,2,255.2,15
ITM-102541,ORD-100860,PRD-0596,9,4335.13,0
ITM-102542,ORD-100860,PRD-0230,10,17897.87,10
ITM-102543,ORD-100860,PRD-0143,9,2732.83,20
ITM-102544,ORD-100861,PRD-0103,8,3026.72,15
ITM-102545,ORD-100861,PRD-0249,5,12631.51,0
ITM-102546,ORD-100861,PRD-0182,5,1084.96,15
ITM-102547,ORD-100861,PRD-0524,2,1186.64,20
ITM-102548,ORD-100862,PRD-0435,3,5400.93,20
ITM-102549,ORD-100862,PRD-0504,5,9217.34,15
ITM-102550,ORD-100863,PRD-0533,9,3960.99,20
ITM-102551,ORD-100863,PRD-0355,7,1630.72,20
ITM-102552,ORD-100863,PRD-0551,9,53043.08,10
ITM-102553,ORD-100863,PRD-0491,5,591.21,20
ITM-102554,ORD-100864,PRD-0193,6,6532.33,10
ITM-102555,ORD-100864,PRD-0368,1,1056.39,10
ITM-102556,ORD-100864,PRD-0214,10,10001.3,0
ITM-102557,ORD-100864,PRD-0239,3,2204.85,20
ITM-102558,ORD-100865,PRD-0590,4,9328.91,10
ITM-102559,ORD-100865,PRD-0491,6,591.21,0
ITM-102562,ORD-100867,PRD-0505,7,847.62,5
ITM-102563,ORD-100867,PRD-0422,7,786.38,5
ITM-102564,ORD-100867,PRD-0229,9,3349.08,0
ITM-102565,ORD-100867,PRD-0367,6,1040.33,10
ITM-102566,ORD-100868,PRD-0158,8,690.63,15
ITM-102567,ORD-100868,PRD-0108,1,3347.41,0
ITM-102568,ORD-100868,PRD-0409,5,1184.99,5
ITM-102569,ORD-100868,PRD-0357,1,204.76,5
ITM-102570,ORD-100869,PRD-0486,5,833.7,15
ITM-102571,ORD-100869,PRD-0546,8,11188.12,15
ITM-102572,ORD-100869,PRD-0521,6,961.49,0
ITM-102573,ORD-100870,PRD-0369,1,300.36,5
ITM-102574,ORD-100870,PRD-0419,7,18113.21,10
ITM-102575,ORD-100870,PRD-0473,8,9095.62,15
ITM-102576,ORD-100871,PRD-0130,8,934.24,20
ITM-102577,ORD-100871,PRD-0416,4,451.52,10
ITM-102578,ORD-100871,PRD-0297,10,37817.06,20
ITM-102579,ORD-100872,PRD-0536,4,11106.06,5
ITM-102580,ORD-100872,PRD-0479,7,36427.15,10
ITM-102581,ORD-100873,PRD-0234,7,1141.12,5
ITM-102582,ORD-100873,PRD-0445,1,298.62,10
ITM-102583,ORD-100873,PRD-0212,6,827.89,15
ITM-102584,ORD-100874,PRD-0456,1,24462.84,5
ITM-102585,ORD-100874,PRD-0110,3,12135.85,15
ITM-102586,ORD-100874,PRD-0292,3,4549.26,0
ITM-102588,ORD-100875,PRD-0539,8,1236.1,15
ITM-102589,ORD-100875,PRD-0419,3,18113.21,15
ITM-102590,ORD-100875,PRD-0424,2,1125.38,20
ITM-102591,ORD-100876,PRD-0129,2,3062.76,0
ITM-102592,ORD-100876,PRD-0282,2,877.25,10
ITM-102593,ORD-100876,PRD-0195,9,54724.3,10
ITM-102594,ORD-100877,PRD-0498,1,3514.16,0
ITM-102595,ORD-100877,PRD-0116,8,327.72,0
ITM-102596,ORD-100877,PRD-0506,8,5612.44,15
ITM-102601,ORD-100879,PRD-0519,3,11439.17,10
ITM-102602,ORD-100879,PRD-0536,3,11106.06,0
ITM-102603,ORD-100879,PRD-0214,1,10001.3,5
ITM-102604,ORD-100879,PRD-0309,5,14318.18,20
ITM-102607,ORD-100881,PRD-0496,1,606.56,20
ITM-102608,ORD-100881,PRD-0573,6,605.26,20
ITM-102609,ORD-100881,PRD-0273,5,7053.38,10
ITM-102610,ORD-100881,PRD-0280,3,7821.91,10
ITM-102611,ORD-100882,PRD-0339,6,51992.92,20
ITM-102612,ORD-100882,PRD-0360,5,150.26,10
ITM-102613,ORD-100883,PRD-0133,5,6606.26,15
ITM-102614,ORD-100883,PRD-0413,5,9966.71,10
ITM-102615,ORD-100884,PRD-0579,3,11551.56,10
ITM-102616,ORD-100884,PRD-0302,2,1909.01,0
ITM-102617,ORD-100884,PRD-0244,3,38419.89,5
ITM-102618,ORD-100884,PRD-0559,9,54485.43,10
ITM-102619,ORD-100885,PRD-0604,2,1330.71,20
ITM-102620,ORD-100885,PRD-0562,7,14413.72,15
ITM-102621,ORD-100885,PRD-0312,5,1207.02,5
ITM-102622,ORD-100885,PRD-0271,3,247.75,15
ITM-102623,ORD-100886,PRD-0297,9,37817.06,20
ITM-102624,ORD-100886,PRD-0489,2,26710.42,5
ITM-102625,ORD-100887,PRD-0463,9,46085.27,0
ITM-102626,ORD-100887,PRD-0163,10,330.49,0
ITM-102627,ORD-100887,PRD-0497,1,14274.86,5
ITM-102628,ORD-100888,PRD-0437,1,8732.09,5
ITM-102629,ORD-100888,PRD-0496,4,606.56,20
ITM-102630,ORD-100888,PRD-0433,9,8176.87,20
ITM-102631,ORD-100889,PRD-0374,4,739.57,20
ITM-102632,ORD-100889,PRD-0439,5,1880.55,5
ITM-102633,ORD-100890,PRD-0137,9,3860.05,0
ITM-102634,ORD-100890,PRD-0171,8,47805.29,15
ITM-102635,ORD-100891,PRD-0618,9,11394.39,10
ITM-102636,ORD-100891,PRD-0169,6,1387.14,15
ITM-102637,ORD-100891,PRD-0277,5,140.18,10
ITM-102638,ORD-100892,PRD-0469,5,3939.77,10
ITM-102639,ORD-100892,PRD-0538,9,4907.93,0
ITM-102640,ORD-100892,PRD-0316,6,486.26,20
ITM-102641,ORD-100893,PRD-0168,10,4486.32,15
ITM-102642,ORD-100893,PRD-0323,9,2691.03,15
ITM-102643,ORD-100893,PRD-0210,6,9152.2,0
ITM-102644,ORD-100893,PRD-0347,2,725.17,20
ITM-102645,ORD-100894,PRD-0568,-1,1234.72,20
ITM-102646,ORD-100894,PRD-0362,7,60949.39,20
ITM-102647,ORD-100895,PRD-0536,9,11106.06,20
ITM-102648,ORD-100895,PRD-0259,1,16349.17,20
ITM-102649,ORD-100895,PRD-0414,8,28980.26,10
ITM-102650,ORD-100895,PRD-0237,2,484.44,15
ITM-102651,ORD-100896,PRD-0561,5,1961.36,5
ITM-102652,ORD-100896,PRD-0486,1,833.7,5
ITM-102653,ORD-100896,PRD-0192,9,3364.24,20
ITM-102662,ORD-100900,PRD-0272,2,6616.98,5
ITM-102663,ORD-100900,PRD-0146,1,1946.91,0
ITM-102664,ORD-100901,PRD-0336,1,1953.18,5
ITM-102665,ORD-100901,PRD-0117,9,10572.03,0
ITM-102666,ORD-100902,PRD-0573,-3,605.26,15
ITM-102667,ORD-100902,PRD-0218,1,961.72,0
ITM-102668,ORD-100902,PRD-0593,2,734.96,15
ITM-102669,ORD-100903,PRD-0186,4,1177.27,10
ITM-102670,ORD-100903,PRD-0482,2,26061.38,15
ITM-102671,ORD-100904,PRD-0164,9,74158.19,5
ITM-102672,ORD-100904,PRD-0397,4,75727.79,10
ITM-102673,ORD-100904,PRD-0188,9,66433.17,20
ITM-102674,ORD-100905,PRD-0595,7,576.27,10
ITM-102675,ORD-100905,PRD-0242,6,6324.25,5
ITM-102676,ORD-100906,PRD-0519,6,11439.17,20
ITM-102677,ORD-100906,PRD-0201,1,68758.16,0
ITM-102678,ORD-100906,PRD-0304,8,2025.81,0
ITM-102679,ORD-100907,PRD-0287,6,6468.73,0
ITM-102680,ORD-100907,PRD-0386,10,12482.52,10
ITM-102681,ORD-100907,PRD-0489,2,26710.42,15
ITM-102682,ORD-100908,PRD-0121,7,64501.14,0
ITM-102683,ORD-100908,PRD-0544,7,1913.48,15
ITM-102684,ORD-100908,PRD-0376,2,45967.85,0
ITM-102685,ORD-100909,PRD-0503,5,409.72,10
ITM-102686,ORD-100909,PRD-0189,4,61803.98,0
ITM-102687,ORD-100910,PRD-0102,9,3448.16,15
ITM-102688,ORD-100910,PRD-0432,7,227.71,0
ITM-102689,ORD-100910,PRD-0376,8,45967.85,20
ITM-102690,ORD-100911,PRD-0116,9,327.72,10
ITM-102691,ORD-100911,PRD-0300,7,6389.53,15
ITM-102692,ORD-100912,PRD-0308,9,1470.3,10
ITM-102693,ORD-100912,PRD-0245,9,12823.7,15
ITM-102694,ORD-100912,PRD-0515,7,4446.22,5
ITM-102695,ORD-100912,PRD-0571,-5,2642.03,0
ITM-102696,ORD-100913,PRD-0544,9,1913.48,20
ITM-102697,ORD-100913,PRD-0222,9,2471.29,15
ITM-102698,ORD-100914,PRD-0597,2,2091.88,20
ITM-102699,ORD-100914,PRD-0473,6,9095.62,0
ITM-102700,ORD-100914,PRD-0540,6,23828.68,5
ITM-102701,ORD-100914,PRD-0565,10,1570.77,0
ITM-102702,ORD-100915,PRD-0487,10,1989.69,0
ITM-102703,ORD-100915,PRD-0343,1,1114.93,5
ITM-102704,ORD-100915,PRD-0190,7,8342.45,5
ITM-102705,ORD-100916,PRD-0468,9,59791.48,15
ITM-102706,ORD-100916,PRD-0292,1,4549.26,15
ITM-102707,ORD-100916,PRD-0410,9,1236.57,0
ITM-102708,ORD-100916,PRD-0106,6,728.89,20
ITM-102709,ORD-100917,PRD-0175,6,3694.49,15
ITM-102710,ORD-100917,PRD-0444,6,2918.34,20
ITM-102711,ORD-100918,PRD-0572,8,19320.53,15
ITM-102712,ORD-100918,PRD-0398,3,1593.3,0
ITM-102713,ORD-100919,PRD-0404,10,1297.63,15
ITM-102714,ORD-100919,PRD-0290,2,2994.38,0
ITM-102715,ORD-100919,PRD-0249,2,12631.51,10
ITM-102716,ORD-100920,PRD-0513,7,2356.73,5
ITM-102717,ORD-100920,PRD-0373,3,9638.24,5
ITM-102718,ORD-100920,PRD-0245,8,12823.7,20
ITM-102719,ORD-100920,PRD-0443,10,5362.7,20
ITM-102720,ORD-100921,PRD-0561,5,1961.36,0
ITM-102721,ORD-100921,PRD-0476,3,6680.48,10
ITM-102722,ORD-100922,PRD-0455,6,78763.43,10
ITM-102723,ORD-100922,PRD-0598,6,4888.87,0
ITM-102724,ORD-100923,PRD-0618,1,11394.39,5
ITM-102725,ORD-100923,PRD-0245,6,12823.7,5
ITM-102726,ORD-100923,PRD-0609,10,851.37,0
ITM-102727,ORD-100924,PRD-0151,7,8157.62,0
ITM-102728,ORD-100924,PRD-0325,7,1456.68,10
ITM-102729,ORD-100925,PRD-0155,3,1042.71,15
ITM-102730,ORD-100925,PRD-0317,5,6671.43,5
ITM-102731,ORD-100925,PRD-0582,9,1748.77,5
ITM-102732,ORD-100926,PRD-0436,1,1455.76,10
ITM-102733,ORD-100926,PRD-0160,8,8283.74,0
ITM-102734,ORD-100927,PRD-0288,5,4173.11,5
ITM-102735,ORD-100927,PRD-0564,-1,56471.01,5
ITM-102736,ORD-100927,PRD-0240,2,3530.96,15
ITM-102737,ORD-100927,PRD-0499,6,570.39,20
ITM-102738,ORD-100928,PRD-0594,1,33541.93,0
ITM-102739,ORD-100928,PRD-0460,1,2881.87,20
ITM-102740,ORD-100929,PRD-0219,6,4662.54,20
ITM-102741,ORD-100929,PRD-0102,3,3448.16,20
ITM-102742,ORD-100930,PRD-0212,6,827.89,0
ITM-102743,ORD-100930,PRD-0291,2,1114.42,15
ITM-102744,ORD-100930,PRD-0145,4,2115.16,10
ITM-102745,ORD-100931,PRD-0155,3,1042.71,20
ITM-102746,ORD-100931,PRD-0305,1,1304.23,0
ITM-102747,ORD-100931,PRD-0574,7,9237.43,0
ITM-102748,ORD-100932,PRD-0422,1,786.38,0
ITM-102749,ORD-100932,PRD-0596,2,4335.13,10
ITM-102750,ORD-100932,PRD-0617,5,2643.79,20
ITM-102751,ORD-100932,PRD-0436,4,1455.76,10
ITM-102752,ORD-100933,PRD-0245,9,12823.7,20
ITM-102753,ORD-100933,PRD-0580,10,2613.75,15
ITM-102754,ORD-100933,PRD-0319,6,6650.72,15
ITM-102755,ORD-100933,PRD-0235,5,462.87,20
ITM-102756,ORD-100934,PRD-0584,7,3065.08,0
ITM-102757,ORD-100934,PRD-0191,9,113.54,20
ITM-102758,ORD-100934,PRD-0245,4,12823.7,15
ITM-102759,ORD-100935,PRD-0185,2,22151.68,5
ITM-102760,ORD-100935,PRD-0137,6,3860.05,10
ITM-102761,ORD-100935,PRD-0147,6,1822.81,5
ITM-102762,ORD-100936,PRD-0513,3,2356.73,5
ITM-102763,ORD-100936,PRD-0171,5,47805.29,15
ITM-102764,ORD-100936,PRD-0319,8,6650.72,10
ITM-102765,ORD-100936,PRD-0363,4,55673.09,20
ITM-102766,ORD-100937,PRD-0256,9,1268.88,15
ITM-102767,ORD-100937,PRD-0162,5,399.25,15
ITM-102768,ORD-100937,PRD-0546,7,11188.12,0
ITM-102769,ORD-100938,PRD-0299,9,9569.93,20
ITM-102770,ORD-100938,PRD-0325,5,1456.68,10
ITM-102771,ORD-100938,PRD-0616,9,11361.23,5
ITM-102772,ORD-100939,PRD-0282,4,877.25,10
ITM-102773,ORD-100939,PRD-0492,7,1689.11,10
ITM-102774,ORD-100939,PRD-0242,1,6324.25,20
ITM-102778,ORD-100941,PRD-0444,2,2918.34,10
ITM-102779,ORD-100941,PRD-0473,3,9095.62,15
ITM-102780,ORD-100941,PRD-0311,3,145.7,20
ITM-102781,ORD-100941,PRD-0110,1,12135.85,20
ITM-102782,ORD-100942,PRD-0442,2,2801.78,10
ITM-102783,ORD-100942,PRD-0144,5,1400.48,15
ITM-102784,ORD-100942,PRD-0129,2,3062.76,0
ITM-102785,ORD-100942,PRD-0340,2,4676.73,0
ITM-102786,ORD-100943,PRD-0574,7,9237.43,20
ITM-102787,ORD-100943,PRD-0198,1,4885.79,20
ITM-102788,ORD-100944,PRD-0437,8,8732.09,10
ITM-102789,ORD-100944,PRD-0499,-1,570.39,0
ITM-102790,ORD-100945,PRD-0125,10,2787.09,15
ITM-102791,ORD-100945,PRD-0480,6,6600.11,5
ITM-102792,ORD-100946,PRD-0186,1,1177.27,5
ITM-102793,ORD-100946,PRD-0185,3,22151.68,5
ITM-102794,ORD-100946,PRD-0549,10,1322.07,10
ITM-102798,ORD-100948,PRD-0288,10,4173.11,10
ITM-102799,ORD-100948,PRD-0366,10,2177.85,15
ITM-102800,ORD-100949,PRD-0133,5,6606.26,15
ITM-102801,ORD-100949,PRD-0145,2,2115.16,15
ITM-102802,ORD-100949,PRD-0554,3,4227.15,5
ITM-102803,ORD-100950,PRD-0151,10,8157.62,10
ITM-102804,ORD-100950,PRD-0475,4,1000.19,0
ITM-102805,ORD-100950,PRD-0168,1,4486.32,0
ITM-102806,ORD-100951,PRD-0395,4,9767.64,20
ITM-102807,ORD-100951,PRD-0412,4,79008.42,0
ITM-102808,ORD-100951,PRD-0222,5,2471.29,0
ITM-102809,ORD-100952,PRD-0230,4,17897.87,0
ITM-102810,ORD-100952,PRD-0539,9,1236.1,0
ITM-102811,ORD-100952,PRD-0392,-4,53989.86,0
ITM-102812,ORD-100953,PRD-0408,2,19863.73,20
ITM-102813,ORD-100953,PRD-0327,10,5047.58,10
ITM-102814,ORD-100953,PRD-0279,6,13222.75,20
ITM-102815,ORD-100953,PRD-0455,6,78763.43,5
ITM-102816,ORD-100954,PRD-0449,1,13014.09,5
ITM-102817,ORD-100954,PRD-0471,2,1885.28,15
ITM-102818,ORD-100954,PRD-0135,7,7689.07,0
ITM-102819,ORD-100954,PRD-0599,10,474.46,20
ITM-102820,ORD-100955,PRD-0120,10,10316.52,15
ITM-102821,ORD-100955,PRD-0539,1,1236.1,20
ITM-102822,ORD-100956,PRD-0497,8,14274.86,15
ITM-102823,ORD-100956,PRD-0370,4,743.4,0
ITM-102824,ORD-100957,PRD-0613,3,7638.19,10
ITM-102825,ORD-100957,PRD-0324,10,354.08,5
ITM-102826,ORD-100957,PRD-0396,10,1008.94,10
ITM-102827,ORD-100958,PRD-0484,1,64971.86,5
ITM-102828,ORD-100958,PRD-0103,8,3026.72,15
ITM-102829,ORD-100958,PRD-0570,3,10720.37,15
ITM-102830,ORD-100958,PRD-0443,1,5362.7,10
ITM-102831,ORD-100959,PRD-0265,1,32034.03,10
ITM-102832,ORD-100959,PRD-0175,4,3694.49,15
ITM-102833,ORD-100960,PRD-0421,3,67860.23,10
ITM-102834,ORD-100960,PRD-0501,5,47981.09,5
ITM-102835,ORD-100960,PRD-0209,9,9009.08,15
ITM-102836,ORD-100961,PRD-0289,1,10861.07,20
ITM-102837,ORD-100961,PRD-0292,3,4549.26,20
ITM-102838,ORD-100961,PRD-0325,5,1456.68,5
ITM-102839,ORD-100962,PRD-0198,1,4885.79,0
ITM-102840,ORD-100962,PRD-0133,1,6606.26,20
ITM-102841,ORD-100962,PRD-0532,6,5880.51,0
ITM-102844,ORD-100964,PRD-0115,2,2024.61,5
ITM-102845,ORD-100964,PRD-0191,7,113.54,15
ITM-102846,ORD-100965,PRD-0326,10,671.69,5
ITM-102847,ORD-100965,PRD-0107,6,10517.37,10
ITM-102848,ORD-100965,PRD-0568,10,1234.72,10
ITM-102849,ORD-100966,PRD-0562,10,14413.72,10
ITM-102850,ORD-100966,PRD-0291,3,1114.42,0
ITM-102851,ORD-100966,PRD-0534,3,455.11,10
ITM-102852,ORD-100966,PRD-0505,4,847.62,0
ITM-102853,ORD-100967,PRD-0530,1,19624.86,5
ITM-102854,ORD-100967,PRD-0245,6,12823.7,15
ITM-102855,ORD-100968,PRD-0292,5,4549.26,0
ITM-102856,ORD-100968,PRD-0574,1,9237.43,15
ITM-102857,ORD-100968,PRD-0230,8,17897.87,0
ITM-102858,ORD-100969,PRD-0194,-4,71969.03,10
ITM-102859,ORD-100969,PRD-0332,1,33353.18,20
ITM-102860,ORD-100970,PRD-0294,3,418.48,15
ITM-102861,ORD-100970,PRD-0202,3,4119.62,20
ITM-102862,ORD-100971,PRD-0462,2,37050.46,20
ITM-102863,ORD-100971,PRD-0601,6,3836.81,0
ITM-102864,ORD-100972,PRD-0197,2,1149.27,15
ITM-102865,ORD-100972,PRD-0215,7,25088.13,20
ITM-102866,ORD-100972,PRD-0317,6,6671.43,20
ITM-102867,ORD-100972,PRD-0441,9,1464.37,20
ITM-102868,ORD-100973,PRD-0421,8,67860.23,20
ITM-102869,ORD-100973,PRD-0582,2,1748.77,5
ITM-102870,ORD-100974,PRD-0146,6,1946.91,0
ITM-102871,ORD-100974,PRD-0343,9,1114.93,15
ITM-102872,ORD-100974,PRD-0322,9,61167.17,0
ITM-102876,ORD-100976,PRD-0199,3,318.97,20
ITM-102877,ORD-100976,PRD-0273,3,7053.38,15
ITM-102878,ORD-100977,PRD-0156,9,58392.98,5
ITM-102879,ORD-100977,PRD-0319,5,6650.72,20
ITM-102880,ORD-100978,PRD-0231,3,880.37,5
ITM-102881,ORD-100978,PRD-0260,5,19464.32,0
ITM-102882,ORD-100978,PRD-0191,5,113.54,10
ITM-102883,ORD-100978,PRD-0599,4,474.46,10
ITM-102884,ORD-100979,PRD-0235,2,462.87,0
ITM-102885,ORD-100979,PRD-0168,6,4486.32,15
ITM-102886,ORD-100979,PRD-0301,3,64985.8,0
ITM-102887,ORD-100979,PRD-0114,1,78825.11,5
ITM-102888,ORD-100980,PRD-0313,5,3981.57,0
ITM-102889,ORD-100980,PRD-0253,3,170.4,5
ITM-102890,ORD-100980,PRD-0234,8,1141.12,15
ITM-102891,ORD-100980,PRD-0468,2,59791.48,5
ITM-102892,ORD-100981,PRD-0482,1,26061.38,5
ITM-102893,ORD-100981,PRD-0234,2,1141.12,20
ITM-102894,ORD-100982,PRD-0444,7,2918.34,0
ITM-102895,ORD-100982,PRD-0360,4,150.26,15
ITM-102896,ORD-100982,PRD-0103,6,3026.72,0
ITM-102897,ORD-100983,PRD-0337,8,1691.6,15
ITM-102898,ORD-100983,PRD-0571,7,2642.03,10
ITM-102899,ORD-100983,PRD-0199,9,318.97,20
ITM-102900,ORD-100983,PRD-0330,2,26200.27,5
ITM-102901,ORD-100984,PRD-0124,10,470.83,5
ITM-102902,ORD-100984,PRD-0192,2,3364.24,15
ITM-102903,ORD-100984,PRD-0581,7,12664.73,10
ITM-102904,ORD-100984,PRD-0142,10,3366.8,5
ITM-102905,ORD-100985,PRD-0324,1,354.08,0
ITM-102906,ORD-100985,PRD-0370,9,743.4,5
ITM-102907,ORD-100985,PRD-0383,10,3152.48,0
ITM-102908,ORD-100985,PRD-0497,3,14274.86,15
ITM-102909,ORD-100986,PRD-0184,2,9676.58,5
ITM-102910,ORD-100986,PRD-0530,1,19624.86,15
ITM-102911,ORD-100987,PRD-0158,7,690.63,10
ITM-102912,ORD-100987,PRD-0478,7,5376.34,15
ITM-102913,ORD-100987,PRD-0572,7,19320.53,0
ITM-102914,ORD-100987,PRD-0340,3,4676.73,15
ITM-102915,ORD-100988,PRD-0504,6,9217.34,10
ITM-102916,ORD-100988,PRD-0162,10,399.25,10
ITM-102917,ORD-100989,PRD-0361,1,79795.36,10
ITM-102918,ORD-100989,PRD-0552,7,2624.67,15
ITM-102919,ORD-100989,PRD-0302,10,1909.01,10
ITM-102920,ORD-100990,PRD-0331,7,1254.9,20
ITM-102921,ORD-100990,PRD-0453,5,9315.74,0
ITM-102922,ORD-100991,PRD-0486,8,833.7,5
ITM-102923,ORD-100991,PRD-0295,3,55944.68,5
ITM-102924,ORD-100991,PRD-0495,7,9743.47,5
ITM-102925,ORD-100991,PRD-0221,5,6716.07,0
ITM-102926,ORD-100992,PRD-0362,7,60949.39,5
ITM-102927,ORD-100992,PRD-0241,9,2191.37,10
ITM-102928,ORD-100993,PRD-0429,3,682.39,10
ITM-102929,ORD-100993,PRD-0204,9,313.59,20
ITM-102930,ORD-100993,PRD-0141,8,78249.77,20
ITM-102931,ORD-100993,PRD-0201,7,68758.16,20
ITM-102932,ORD-100994,PRD-0346,2,10931.86,10
ITM-102933,ORD-100994,PRD-0490,4,452.79,10
ITM-102934,ORD-100995,PRD-0447,3,577.25,5
ITM-102935,ORD-100995,PRD-0389,3,4328.67,15
ITM-102939,ORD-100997,PRD-0347,-1,725.17,0
ITM-102940,ORD-100997,PRD-0475,8,1000.19,20
ITM-102941,ORD-100997,PRD-0516,6,32018.09,0
ITM-102942,ORD-100997,PRD-0374,8,739.57,10
ITM-102943,ORD-100998,PRD-0500,-3,66892.03,20
ITM-102944,ORD-100998,PRD-0612,8,15975.1,10
ITM-102945,ORD-100998,PRD-0512,5,23162.51,20
ITM-102946,ORD-100998,PRD-0444,6,2918.34,5
ITM-102947,ORD-100999,PRD-0548,10,614.29,10
ITM-102948,ORD-100999,PRD-0584,7,3065.08,10
ITM-102949,ORD-101000,PRD-0615,2,63694.33,15
ITM-102950,ORD-101000,PRD-0542,5,14838.47,5
ITM-102951,ORD-101000,PRD-0230,3,17897.87,0
